Run_Name,Actual,Predicted,MSE,Confidence
2901,Normal,He Chuck,0.27816528,0.686350842092284
2901,Normal,Cl2 -5,0.27905586,0.5499887701333694
2901,Normal,He Chuck,0.23292111,0.9709686622545347
2901,Normal,He Chuck,0.28563958,0.9830500788982981
2901,Normal,Normal,0.28521818,0.631670799758083
2901,Normal,Normal,0.27297768,0.7640905094801296
2901,Normal,Normal,0.26305225,0.8748620237422583
2901,Normal,Normal,0.30071285,0.8575353720725244
2901,Normal,Normal,0.23544821,0.9103701917886495
2901,Normal,Normal,0.3467612,0.6773653340682176
2901,Normal,Normal,0.2750141,0.8070908945246877
2901,Normal,Normal,0.24716829,0.9251498458913774
2901,Normal,Normal,0.32406232,0.7557386304026745
2901,Normal,Normal,0.22035597,0.8716588273552214
2901,Normal,Normal,0.22732967,0.6706231217023937
2901,Normal,Normal,0.3564116,0.5481301684665528
2901,Normal,He Chuck,0.54954666,0.589850321644397
2901,Normal,He Chuck,0.6900068,0.730014810911455
2901,Normal,Normal,0.7950579,0.7971798321633632
2901,Normal,Normal,0.7598257,0.6781564179771319
2901,Normal,Normal,0.8505949,0.42559067589528776
2901,Normal,UNKNOWN FAULT,0.9523666,0.8687454231053117
2901,Normal,Normal,0.52110994,0.8848252700759303
2901,Normal,Normal,0.45378035,0.4790618434057626
2901,Normal,Normal,0.33802718,0.8758857003287045
2901,Normal,Normal,0.38850787,0.8481873242591526
2901,Normal,Normal,0.44869155,0.6849520251366594
2901,Normal,He Chuck,0.36382052,0.49895293972464677
2901,Normal,Normal,0.38350192,0.643508828819355
2901,Normal,Normal,0.38006234,0.5273558401142249
2901,Normal,Normal,0.3937689,0.5872061245432854
2901,Normal,He Chuck,0.4206629,0.524919899289099
2901,Normal,He Chuck,0.38075536,0.49612385388188573
2901,Normal,Normal,0.3701492,0.7885335358843468
2901,Normal,Normal,0.38163397,0.6060837019244922
2901,Normal,He Chuck,0.46232146,0.9997865033998089
2903,Normal,Normal,0.23030671,0.9088797577025726
2903,Normal,He Chuck,0.31453642,0.9085415683991169
2903,Normal,Normal,0.24794699,0.9136754818774762
2903,Normal,Normal,0.31727162,0.9549720400377572
2903,Normal,Normal,0.2913976,0.9102800439403755
2903,Normal,Normal,0.25576758,0.6536958549376028
2903,Normal,Normal,0.29427302,0.6842700303459897
2903,Normal,Normal,0.29604384,0.9729164044104209
2903,Normal,Normal,0.26194298,0.8412128066084367
2903,Normal,Normal,0.36937976,0.9801345406125517
2903,Normal,Normal,0.27477428,0.9196176384863064
2903,Normal,Normal,0.29625395,0.8126955288619738
2903,Normal,Normal,0.26553378,0.9724553182516252
2903,Normal,Normal,0.1978346,0.8833058960310424
2903,Normal,Normal,0.2574807,0.833383908436488
2903,Normal,Normal,0.37585345,0.6050115469246995
2903,Normal,He Chuck,0.52321184,0.843905361694769
2903,Normal,He Chuck,0.6943008,0.6783897574339852
2903,Normal,Normal,0.7188941,0.6271844138378
2903,Normal,He Chuck,0.6286403,0.7234402447959513
2903,Normal,Normal,0.57142866,0.3758575108199877
2903,Normal,He Chuck,0.79117185,0.5755484652268844
2903,Normal,He Chuck,0.73249704,0.6637354934137093
2903,Normal,He Chuck,0.5355513,0.8652693749313362
2903,Normal,Cl2 -5,0.46340445,0.960758893613216
2903,Normal,Normal,0.52409613,0.6268078818198293
2903,Normal,Normal,0.41575155,0.9129330579452519
2903,Normal,Normal,0.40020356,0.5396110279657681
2903,Normal,He Chuck,0.40129298,0.5372896823355907
2903,Normal,Normal,0.40384316,0.8517531800268879
2903,Normal,Normal,0.41841707,0.7967516061039049
2903,Normal,He Chuck,0.44619393,0.5114671771111824
2903,Normal,Normal,0.3969167,0.7943652935723682
2903,Normal,Normal,0.14665104,0.5815082839201438
2903,Normal,Normal,0.4406707,0.5944616908248491
2903,Normal,Normal,0.42807728,0.5488503625105716
2903,Normal,Normal,0.43627295,0.49305774980146977
2903,Normal,Normal,0.51282746,0.518524978487088
2904,Normal,Normal,0.273915,0.9391407362849109
2904,Normal,Normal,0.28835243,0.9379812142730583
2904,Normal,Normal,0.2786173,0.951095023828263
2904,Normal,Normal,0.25841627,0.9652994781947337
2904,Normal,Normal,0.2727703,0.9671220073106651
2904,Normal,Normal,0.29244918,0.964369945379306
2904,Normal,Normal,0.296097,0.9154581462456721
2904,Normal,Normal,0.29641157,0.984192399947908
2904,Normal,Normal,0.28346,0.8220047261455565
2904,Normal,Normal,0.3185812,0.9287337741413588
2904,Normal,Normal,0.26921934,0.973172369792913
2904,Normal,Normal,0.27122566,0.9243038879954643
2904,Normal,Normal,0.26341602,0.9257240293469928
2904,Normal,Normal,0.1971409,0.9450489945254713
2904,Normal,Normal,0.37731057,0.9711993522697874
2904,Normal,Normal,0.4360286,0.4728511196298682
2904,Normal,Normal,0.5522643,0.5408246647754156
2904,Normal,Normal,0.7482226,0.5459202849814438
2904,Normal,Normal,0.6408443,0.7299689754840446
2904,Normal,Normal,0.56727856,0.8491007060265559
2904,Normal,Normal,0.5570716,0.7207480402536215
2904,Normal,He Chuck,0.7951367,0.8070882313130215
2904,Normal,He Chuck,0.8029396,0.7657522664461495
2904,Normal,He Chuck,0.49310583,0.6244930054523352
2904,Normal,Normal,0.50588346,0.9003485943482422
2904,Normal,Normal,0.37826276,0.6358572774998485
2904,Normal,Normal,0.38344696,0.7623687822763316
2904,Normal,Normal,0.449796,0.7549566693698775
2904,Normal,Normal,0.47490126,0.9740695774061316
2904,Normal,Normal,0.41479278,0.9523550286508353
2904,Normal,Normal,0.39323953,0.724787977595285
2904,Normal,Normal,0.44680297,0.7609419446835474
2904,Normal,Normal,0.40930143,0.8414961948712381
2904,Normal,Normal,0.42349842,0.5544552032453672
2904,Normal,Normal,0.45025274,0.8917760542699739
2904,Normal,Normal,0.46883264,0.8472010399863702
2904,Normal,Normal,0.47285378,0.9133921964977622
2904,Normal,He Chuck,0.4744139,0.6436731394941823
2905,Normal,Normal,0.19415992,0.9379766503450138
2905,Normal,Normal,0.2744495,0.9544541496372897
2905,Normal,Normal,0.3293337,0.9531955616862972
2905,Normal,Normal,0.31401566,0.9766371804514719
2905,Normal,Normal,0.3553252,0.9624891306748835
2905,Normal,Normal,0.28102115,0.9773893122139047
2905,Normal,Normal,0.24974836,0.9813147671829909
2905,Normal,Normal,0.32469976,0.973866268629637
2905,Normal,Normal,0.33026406,0.8284906993074366
2905,Normal,Normal,0.3731596,0.8867052394005727
2905,Normal,Normal,0.3788834,0.925029740528012
2905,Normal,Normal,0.30739895,0.8908017236760792
2905,Normal,Normal,0.2541703,0.9232584406409935
2905,Normal,Normal,0.2017803,0.9168853272606753
2905,Normal,Normal,0.25213006,0.6037170007182402
2905,Normal,Normal,0.40450782,0.9111559127237885
2905,Normal,He Chuck,0.71698725,0.8846479036517403
2905,Normal,Normal,0.6375538,0.8075015429084625
2905,Normal,He Chuck,0.66890186,0.6546514808930928
2905,Normal,Normal,0.53474504,0.5365495592687134
2905,Normal,Normal,0.5199104,0.49010659915635535
2905,Normal,He Chuck,0.7325553,0.5161032951602338
2905,Normal,Normal,0.7762892,0.8436670508373287
2905,Normal,Normal,0.89523757,0.899527215990728
2905,Normal,Normal,0.48814243,0.8628147884125267
2905,Normal,Normal,0.44123918,0.9383582187456866
2905,Normal,Normal,0.4200148,0.8485340539961744
2905,Normal,Normal,0.518361,0.8268761948292045
2905,Normal,Normal,0.4683013,0.8058830460626707
2905,Normal,Normal,0.4587985,0.6135079543926646
2905,Normal,Normal,0.44021595,0.8700619297553432
2905,Normal,Normal,0.495385,0.8595411691995412
2905,Normal,Normal,0.47583514,0.876684393790232
2905,Normal,Normal,0.42604932,0.845277051736403
2905,Normal,Normal,0.43096098,0.9367137656049079
2905,Normal,Normal,0.42698902,0.8460025647680909
2905,Normal,Normal,0.43222484,0.7213986013871716
2905,Normal,He Chuck,0.43897328,0.6169403616114523
2906,Normal,Normal,0.23198989,0.876112055485806
2906,Normal,Normal,0.33998355,0.9366855570592421
2906,Normal,Normal,0.25049308,0.9329140178910189
2906,Normal,Normal,0.25929886,0.9743233331302025
2906,Normal,Normal,0.27712706,0.9772519401866473
2906,Normal,Normal,0.2770023,0.8974676954285417
2906,Normal,Normal,0.2898291,0.7713666340185864
2906,Normal,Normal,0.27428252,0.5705183713340045
2906,Normal,Normal,0.25556642,0.9182650845751804
2906,Normal,Normal,0.2814561,0.9673387191513289
2906,Normal,He Chuck,0.30804005,0.6013670506754383
2906,Normal,Normal,0.25626966,0.9367306341156015
2906,Normal,Normal,0.3090331,0.9484690540721155
2906,Normal,Normal,0.20084375,0.9649471935144943
2906,Normal,Normal,0.27475125,0.9136496044437786
2906,Normal,Normal,0.34964854,0.8586183852713241
2906,Normal,Normal,0.48522744,0.664146606393077
2906,Normal,Normal,0.5790761,0.839694700110548
2906,Normal,He Chuck,0.542603,0.5502068677888362
2906,Normal,Normal,0.5514686,0.6519238086264398
2906,Normal,Normal,0.5305979,0.6658777084083343
2906,Normal,He Chuck,0.69646406,0.6181234130854553
2906,Normal,Normal,0.80205894,0.6416603568042302
2906,Normal,UNKNOWN FAULT,1.0329144,0.7806913558903428
2906,Normal,Cl2 -5,0.46908528,0.9569464888144932
2906,Normal,Normal,0.44424918,0.5995586356171065
2906,Normal,Normal,0.39279765,0.5076874830468003
2906,Normal,Normal,0.49240813,0.858108518921254
2906,Normal,Normal,0.43699026,0.945166118456466
2906,Normal,Normal,0.40833917,0.7793505956560535
2906,Normal,Normal,0.43059173,0.8476382397883114
2906,Normal,Normal,0.45517835,0.9246252984388852
2906,Normal,Normal,0.4421115,0.9211242087672759
2906,Normal,Normal,0.4348882,0.9158217362798333
2906,Normal,He Chuck,0.4412804,0.9239514368725428
2906,Normal,Normal,0.43378612,0.6663138448190703
2906,Normal,Normal,0.44641727,0.9260581722833341
2906,Normal,Normal,0.4315143,0.607350627503003
2907,Normal,Normal,0.25459257,0.834857139377293
2907,Normal,Normal,0.27510014,0.8845308814102636
2907,Normal,Normal,0.35498533,0.67632208057486
2907,Normal,Normal,0.32553446,0.9450780737683498
2907,Normal,Normal,0.29443127,0.895733151862503
2907,Normal,Normal,0.39564618,0.9769853030018268
2907,Normal,Normal,0.30110028,0.9221775152360087
2907,Normal,Normal,0.27629375,0.9438204348297773
2907,Normal,Normal,0.2858036,0.8816215339811125
2907,Normal,He Chuck,0.3070583,0.5494105486340821
2907,Normal,Normal,0.33791578,0.8129212322030589
2907,Normal,Normal,0.30184418,0.8979117163806501
2907,Normal,Normal,0.24156834,0.8794725894461382
2907,Normal,Normal,0.23045698,0.8980915789291531
2907,Normal,Normal,0.35380602,0.926879481011115
2907,Normal,Normal,0.43627855,0.6537477518471332
2907,Normal,He Chuck,0.48861298,0.8108200416256667
2907,Normal,Normal,0.73212266,0.6064007631932012
2907,Normal,Normal,0.6088446,0.6321958256467409
2907,Normal,Normal,0.6139818,0.5037419609113758
2907,Normal,Normal,0.51117355,0.6797839708749012
2907,Normal,He Chuck,0.70442045,0.9147671320723978
2907,Normal,Normal,0.85930264,0.5147221685280045
2907,Normal,UNKNOWN FAULT,0.91127086,0.6126602786120605
2907,Normal,Cl2 -5,0.43736535,0.7304336062534569
2907,Normal,Normal,0.48325542,0.5004593465882787
2907,Normal,Normal,0.50319004,0.8361430095545779
2907,Normal,Normal,0.4292256,0.8924178998732618
2907,Normal,Normal,0.43113735,0.8502849766118226
2907,Normal,Normal,0.4421979,0.8195340304183082
2907,Normal,Normal,0.50130165,0.9346724493397133
2907,Normal,Normal,0.44937724,0.7167517476620615
2907,Normal,Normal,0.3730077,0.6701257660504871
2907,Normal,Normal,0.41762054,0.6765196653193507
2907,Normal,Normal,0.41953832,0.6194915939713199
2907,Normal,Normal,0.43182606,0.6679591011551331
2907,Normal,Normal,0.4227062,0.9556904534242011
2907,Normal,Normal,0.46694824,0.9115207877690292
2908,Normal,Normal,0.20409948,0.9055532837268528
2908,Normal,Normal,0.26192248,0.7003866084466078
2908,Normal,Normal,0.32722813,0.8807115300354438
2908,Normal,Normal,0.3819356,0.9588626397532062
2908,Normal,Normal,0.3913722,0.9447824866044191
2908,Normal,Normal,0.3582175,0.9535782013786264
2908,Normal,Normal,0.28736347,0.9326441288639058
2908,Normal,Normal,0.2800912,0.977101032005782
2908,Normal,Normal,0.26363745,0.9028118493243937
2908,Normal,Normal,0.30801946,0.9096032458720356
2908,Normal,Normal,0.28208986,0.9747670343113669
2908,Normal,Normal,0.32472312,0.8212502001883382
2908,Normal,Normal,0.2738708,0.9755243244627786
2908,Normal,Normal,0.17729083,0.9339519411435055
2908,Normal,Normal,0.37782612,0.912013689394992
2908,Normal,Normal,0.44163036,0.8046853952663309
2908,Normal,Normal,0.57993263,0.6447590293555416
2908,Normal,UNKNOWN FAULT,1.0781199,0.9759626886191795
2908,Normal,Normal,0.6155169,0.639308174554965
2908,Normal,Normal,0.5433893,0.5438426640245645
2908,Normal,He Chuck,0.5758867,0.6673007327750735
2908,Normal,He Chuck,0.725299,0.913727530167634
2908,Normal,He Chuck,0.67249817,0.794943133995981
2908,Normal,He Chuck,0.4986332,0.543838049443886
2908,Normal,Normal,0.48065668,0.5999362476238389
2908,Normal,Normal,0.43526363,0.9016032882078868
2908,Normal,Normal,0.43114176,0.8128245276795937
2908,Normal,Normal,0.47355303,0.6757290878020519
2908,Normal,Normal,0.43121016,0.8652829651380523
2908,Normal,Normal,0.4779942,0.7904314701325792
2908,Normal,Normal,0.45195824,0.9429834137403428
2908,Normal,Normal,0.41110006,0.632500483430943
2908,Normal,Normal,0.39147347,0.9247127220513488
2908,Normal,Normal,0.41032523,0.6957985196577696
2908,Normal,Normal,0.4294188,0.9532420617034356
2908,Normal,Normal,0.41754746,0.94537735142887
2908,Normal,Normal,0.4698978,0.7869052584382384
2908,Normal,Normal,0.43063796,0.7328767941802883
2909,Normal,Normal,0.25967982,0.9388636937713853
2909,Normal,Normal,0.28332937,0.782773468115249
2909,Normal,Normal,0.29774,0.806306990090674
2909,Normal,Normal,0.30032328,0.9273869683316246
2909,Normal,Normal,0.2661594,0.871331920422205
2909,Normal,Normal,0.27312565,0.8885724352577926
2909,Normal,Normal,0.29177734,0.93523395041139
2909,Normal,Normal,0.31670576,0.8999635373338056
2909,Normal,Normal,0.28117508,0.918700382729646
2909,Normal,Normal,0.39723855,0.7786993426401385
2909,Normal,He Chuck,0.26794747,0.9445542861321771
2909,Normal,Normal,0.27164373,0.9142736236889073
2909,Normal,Normal,0.2510653,0.8318408108958764
2909,Normal,Normal,0.22077608,0.8852139604054454
2909,Normal,Normal,0.3268413,0.9317399512060166
2909,Normal,Normal,0.4450313,0.6877279105895124
2909,Normal,He Chuck,0.56410944,0.6471493687492403
2909,Normal,He Chuck,0.68046546,0.5137081404143728
2909,Normal,He Chuck,0.6256245,0.6058661237006847
2909,Normal,He Chuck,0.5521296,0.6261869154680079
2909,Normal,Normal,0.60338706,0.9999120740934326
2909,Normal,Normal,0.7382284,0.9999366624908375
2909,Normal,He Chuck,0.7796485,0.6945968538111748
2909,Normal,UNKNOWN FAULT,0.9050044,0.842975459173918
2909,Normal,Normal,0.4795171,0.6648789587769136
2909,Normal,Normal,0.45604086,0.7895986697768359
2909,Normal,Normal,0.439566,0.9738423811381616
2909,Normal,Normal,0.41311762,0.9849793135450535
2909,Normal,Normal,0.43199536,0.986066014557238
2909,Normal,Normal,0.3884186,0.9297729746062843
2909,Normal,Normal,0.45839885,0.9501273858263635
2909,Normal,Normal,0.4543316,0.9429391593175307
2909,Normal,Normal,0.38601932,0.9536680658178425
2909,Normal,Normal,0.43403453,0.9725737709255953
2909,Normal,Normal,0.43962237,0.7679537729410283
2909,Normal,Normal,0.43671837,0.8916789602983486
2909,Normal,Normal,0.41697878,0.8182917259912541
2909,Normal,He Chuck,0.4459726,0.5427075480857727
2910,Normal,Normal,0.53874755,0.892208841567129
2910,Normal,Normal,0.5048175,0.7862741191987364
2910,Normal,Normal,0.5734849,0.9442395384829348
2910,Normal,Normal,0.45496053,0.9506579215112496
2910,Normal,Normal,0.61411756,0.9312460668773151
2910,Normal,He Chuck,0.4224852,0.5210093509748979
2910,Normal,Normal,0.4327434,0.9281936261342965
2910,Normal,Normal,0.46477115,0.5522778221174158
2910,Normal,Normal,0.41676635,0.9169193326195769
2910,Normal,Normal,0.43890554,0.9144606089572834
2910,Normal,Normal,0.4099911,0.8855724620323782
2910,Normal,Normal,0.47149435,0.8815846905543975
2910,Normal,Normal,0.51300967,0.8552371939584391
2910,Normal,Normal,0.6142908,0.7614474200912702
2910,Normal,Normal,0.7214905,0.8358097128717015
2910,Normal,Normal,0.68529075,0.8081473943829995
2910,Normal,UNKNOWN FAULT,0.9843422,0.6274922685938225
2910,Normal,UNKNOWN FAULT,1.0089881,0.8927556811555467
2910,Normal,He Chuck,0.97944885,0.6164593259117342
2910,Normal,He Chuck,0.80726093,0.672275424981781
2910,Normal,UNKNOWN FAULT,0.97656655,0.6218429840426084
2910,Normal,UNKNOWN FAULT,0.9237877,0.5936172437989569
2910,Normal,He Chuck,0.87777084,0.7560737964597087
2910,Normal,He Chuck,0.6255244,0.5054226770032497
2910,Normal,Normal,0.66120696,0.7272545735721792
2910,Normal,Normal,0.59627604,0.7787415882760058
2910,Normal,He Chuck,0.49732202,0.5110279397541365
2910,Normal,Normal,0.54778385,0.7861199081799961
2910,Normal,He Chuck,0.5456899,0.562758894213998
2910,Normal,He Chuck,0.8108407,0.5973176499198799
2910,Normal,Normal,0.78943986,0.8545732939210477
2910,Normal,Normal,0.24664637,0.937837407245391
2910,Normal,Normal,0.44236973,0.9814178764823203
2910,Normal,Normal,0.47064477,0.7836433401927674
2910,Normal,Normal,0.46307075,0.8290691448035457
2910,Normal,Normal,0.45928237,0.8771883830670067
2910,Normal,Normal,0.4627369,0.6024153353120103
2910,Normal,He Chuck,0.46957412,0.8403065483587255
2911,Normal,Normal,0.2503724,0.9034933026308714
2911,Normal,Normal,0.28800204,0.966349003706577
2911,Normal,He Chuck,0.3057567,0.5609492159864642
2911,Normal,Normal,0.3969464,0.7731109597684295
2911,Normal,Normal,0.2776699,0.6798998997798478
2911,Normal,Normal,0.3746808,0.9083522134502963
2911,Normal,Normal,0.30168208,0.6567227154810421
2911,Normal,He Chuck,0.29095107,0.7088048454447023
2911,Normal,Normal,0.31903437,0.728134611069458
2911,Normal,Normal,0.28127107,0.6822810361827342
2911,Normal,He Chuck,0.2652247,0.5802533742083084
2911,Normal,He Chuck,0.29341432,0.5623683698857077
2911,Normal,He Chuck,0.22098458,0.8850760477909329
2911,Normal,He Chuck,0.2126407,0.7499701870885342
2911,Normal,Normal,0.6217737,0.8343090409624955
2911,Normal,Normal,0.4252982,0.8629347515182995
2911,Normal,He Chuck,0.53287154,0.6639139207524554
2911,Normal,He Chuck,0.7430773,0.6096759600967857
2911,Normal,He Chuck,0.5890379,0.9906847762766063
2911,Normal,He Chuck,0.48337328,0.9203476169739735
2911,Normal,He Chuck,0.61933744,0.9696862895245353
2911,Normal,He Chuck,0.7367835,0.5764136448933957
2911,Normal,He Chuck,0.7863998,0.8745411561852107
2911,Normal,He Chuck,0.6576964,0.8948904295841458
2911,Normal,Normal,0.4690588,0.8233577725960005
2911,Normal,Normal,0.46130738,0.9190045928996148
2911,Normal,Normal,0.4713058,0.9770513352370768
2911,Normal,Normal,0.43893358,0.9363116180192185
2911,Normal,UNKNOWN FAULT,0.9472283,0.9970883597291267
2911,Normal,Normal,0.41926172,0.9716108284595917
2911,Normal,Normal,0.52903354,0.9740734703273495
2911,Normal,Normal,0.19732396,0.955012157133939
2911,Normal,Normal,0.43897316,0.9649236862789349
2911,Normal,He Chuck,0.42332286,0.7148342311805491
2911,Normal,Normal,0.42153755,0.9169872221285363
2911,Normal,Normal,0.42471528,0.9230464399413647
2911,Normal,Normal,0.4389422,0.9296848168842486
2911,Normal,Normal,0.44150746,0.850940268654156
2912,Normal,Normal,0.23759903,0.811521450932465
2912,Normal,Normal,0.31926706,0.9177688382263883
2912,Normal,Normal,0.304517,0.9843039942452237
2912,Normal,Normal,0.29255185,0.6589313075135126
2912,Normal,Normal,0.29275358,0.9664701108061238
2912,Normal,Normal,0.31971467,0.6621748023679679
2912,Normal,He Chuck,0.3106334,0.7950606277156645
2912,Normal,Normal,0.31993622,0.5992087760127965
2912,Normal,He Chuck,0.36561525,0.6840295268088759
2912,Normal,Normal,0.3801752,0.6489452227879755
2912,Normal,Normal,0.31056964,0.7307849142921181
2912,Normal,Normal,0.32946128,0.8378718239825376
2912,Normal,He Chuck,0.35924572,0.569833662946647
2912,Normal,Normal,0.25708726,0.809698487074227
2912,Normal,Normal,0.3965432,0.6729952657219173
2912,Normal,Normal,0.46851337,0.6851996713637147
2912,Normal,Normal,0.7127462,0.5308151388562038
2912,Normal,Normal,0.6901245,0.5569470283939887
2912,Normal,He Chuck,0.67754227,0.7401181855347408
2912,Normal,Normal,0.56780756,0.5596504675834152
2912,Normal,He Chuck,0.6069112,0.5421252030626305
2912,Normal,He Chuck,0.795225,0.961049530112144
2912,Normal,He Chuck,0.76558495,0.7385667032562695
2912,Normal,He Chuck,0.57721955,0.6148709572896432
2912,Normal,Normal,0.4264155,0.952173477722737
2912,Normal,Normal,0.45918134,0.8217903012706773
2912,Normal,Normal,0.46326303,0.9456506559535116
2912,Normal,Normal,0.4898416,0.9614644546157227
2912,Normal,Normal,0.5004936,0.9050056265030677
2912,Normal,Normal,0.59583354,0.9315574150278186
2912,Normal,TCP +10,0.48707086,0.5632644893006818
2912,Normal,Normal,0.22651355,0.7732315592810329
2912,Normal,Normal,0.44277766,0.8609554445904201
2912,Normal,Normal,0.47026733,0.9573111872654155
2912,Normal,Normal,0.46535373,0.9656654950545804
2912,Normal,Normal,0.44307727,0.9491269600645215
2912,Normal,Normal,0.42654657,0.8272936823135725
2912,Normal,Normal,0.45316038,0.5090765732620472
2913,Normal,Normal,0.21398571,0.7237052632738185
2913,Normal,Normal,0.36899078,0.9361647400357389
2913,Normal,Normal,0.29546726,0.6545186057418181
2913,Normal,Normal,0.294002,0.962315518564203
2913,Normal,Normal,0.33597866,0.9077799167210129
2913,Normal,Normal,0.28557634,0.8556751417051426
2913,Normal,Normal,0.27970973,0.9824069674240808
2913,Normal,Normal,0.29206368,0.9793114923077231
2913,Normal,Normal,0.36966023,0.9802250174103828
2913,Normal,Normal,0.31309876,0.7031050711575139
2913,Normal,Normal,0.41752443,0.5740790556709345
2913,Normal,Normal,0.33422714,0.9449144865751714
2913,Normal,Normal,0.22064058,0.8568057191361856
2913,Normal,Normal,0.2606488,0.9629056804779097
2913,Normal,Normal,0.3984247,0.949592734447926
2913,Normal,Normal,0.48914024,0.9220682854763795
2913,Normal,He Chuck,0.6132695,0.6871796152934828
2913,Normal,He Chuck,0.9159635,0.8366945920966642
2913,Normal,He Chuck,0.70676607,0.6063154890875808
2913,Normal,Normal,0.48751506,0.7688450687024977
2913,Normal,Normal,0.6649585,0.5765187624269935
2913,Normal,He Chuck,0.9196323,0.763462856771685
2913,Normal,He Chuck,0.86196333,0.4947428065240991
2913,Normal,Normal,0.55591875,0.5363293140690228
2913,Normal,Normal,0.48986503,0.7137953903103393
2913,Normal,Normal,0.45107347,0.854547290174928
2913,Normal,Normal,0.53993845,0.9467267388499295
2913,Normal,Normal,0.5042296,0.9541601491318054
2913,Normal,Normal,0.5411011,0.9668467807530117
2913,Normal,Normal,0.51186657,0.9886581898216454
2913,Normal,Normal,0.4737378,0.9554286602157079
2913,Normal,Normal,0.25050747,0.9823476814580281
2913,Normal,Normal,0.42869985,0.9674830051999864
2913,Normal,Normal,0.4223446,0.9369797525898392
2913,Normal,Normal,0.42220628,0.667859861495915
2913,Normal,He Chuck,0.42098558,0.7936106181623556
2913,Normal,Normal,0.41457707,0.9413948658684828
2913,Normal,He Chuck,0.46642035,0.9151158235922057
2914,Normal,Normal,0.2703859,0.7830628140610413
2914,Normal,Normal,0.31268775,0.9320407095659545
2914,Normal,Normal,0.25352493,0.9188579834912601
2914,Normal,Normal,0.32760447,0.7749549419099434
2914,Normal,He Chuck,0.28244862,0.5637963277237409
2914,Normal,He Chuck,0.32385045,0.5726425929971779
2914,Normal,Normal,0.3281977,0.7167302981472502
2914,Normal,Normal,0.30241215,0.6820131201429618
2914,Normal,Normal,0.32966855,0.9791262780519385
2914,Normal,Normal,0.34788913,0.8007705690264502
2914,Normal,Normal,0.2787186,0.9770707971827727
2914,Normal,Normal,0.30095476,0.8998431331891549
2914,Normal,Normal,0.2913515,0.939293193341504
2914,Normal,Normal,0.34713525,0.9710643538482351
2914,Normal,Normal,0.47128776,0.9510764910813276
2914,Normal,Normal,0.53976536,0.802646317852894
2914,Normal,Normal,0.6069941,0.6686035019755304
2914,Normal,Normal,0.7394446,0.5566806429439719
2914,Normal,Normal,0.58026,0.6873176860539976
2914,Normal,Normal,0.53876954,0.8634086147730067
2914,Normal,He Chuck,0.6616804,0.6636672105663587
2914,Normal,He Chuck,0.8577236,0.7112352854612533
2914,Normal,He Chuck,0.8284727,0.5622058853527014
2914,Normal,He Chuck,0.6229865,0.6686016079776668
2914,Normal,Normal,0.47160846,0.8859226406415774
2914,Normal,Normal,0.58250135,0.9473867203309746
2914,Normal,Normal,0.51742005,0.8641495670903464
2914,Normal,Normal,0.43706533,0.9734407784357239
2914,Normal,Normal,0.447764,0.9288818584246777
2914,Normal,Normal,0.46760455,0.9442094133832923
2914,Normal,Normal,0.4570602,0.9124054694796284
2914,Normal,Normal,0.21142682,0.6693059459454419
2914,Normal,Normal,0.42189193,0.5743700894010485
2914,Normal,Normal,0.424627,0.6265701867054035
2914,Normal,Normal,0.4396736,0.8376167723278387
2914,Normal,Normal,0.42629626,0.8949027495174218
2914,Normal,Normal,0.4194224,0.8767672270158147
2914,Normal,He Chuck,0.4144443,0.6259092134226009
2915,TCP +50,Normal,0.45607856,0.5404353932683993
2915,TCP +50,TCP +10,0.5189028,0.9315913832907836
2915,TCP +50,TCP +10,0.70115006,0.9526644073613345
2915,TCP +50,TCP +10,0.6451876,0.9702240765545425
2915,TCP +50,TCP +10,0.57523435,0.9420636811897795
2915,TCP +50,Normal,0.5601002,0.628199248992142
2915,TCP +50,TCP +10,0.7396731,0.8024695900089418
2915,TCP +50,TCP +10,0.58140355,0.8985769356641539
2915,TCP +50,TCP +10,0.59782493,0.4122995471221904
2915,TCP +50,Normal,0.62364995,0.6649192353332971
2915,TCP +50,TCP +10,0.6006664,0.47935789655135613
2915,TCP +50,TCP +10,0.5139676,0.9389761666630576
2915,TCP +50,Normal,0.36573532,0.42523482408444946
2915,TCP +50,Normal,0.7687418,0.7243207744322774
2915,TCP +50,UNKNOWN FAULT,1.014819,0.5156526919612066
2915,TCP +50,He Chuck,1.3296827,0.6405336756972148
2915,TCP +50,TCP +10,1.4658328,0.7473043443231246
2915,TCP +50,UNKNOWN FAULT,1.1945056,0.8418940279248006
2915,TCP +50,UNKNOWN FAULT,1.1924175,0.7673115891003905
2915,TCP +50,TCP +10,0.86199814,0.9125501422947087
2915,TCP +50,TCP +10,1.1196148,0.8919251968103593
2915,TCP +50,TCP +10,1.2159587,0.8405519826651118
2915,TCP +50,TCP +10,1.2214211,0.9840996002563577
2915,TCP +50,TCP +10,0.91835505,0.9995105734260269
2915,TCP +50,TCP +10,0.9350194,0.7812276907956319
2915,TCP +50,TCP +10,0.8893281,0.9977173977397614
2915,TCP +50,TCP +10,0.8787383,0.9800943055828741
2915,TCP +50,TCP +10,0.8839175,0.44378577206428144
2915,TCP +50,TCP +10,0.7808545,0.9982745596285381
2915,TCP +50,TCP +10,0.9208994,0.9989000225741252
2915,TCP +50,TCP +10,0.84799767,0.9872385474309912
2915,TCP +50,He Chuck,0.4102098,0.9456259546344178
2915,TCP +50,He Chuck,0.4423078,0.709263999005733
2915,TCP +50,Normal,0.4296871,0.524318792457671
2915,TCP +50,He Chuck,0.4309723,0.7556690069377268
2915,TCP +50,Normal,0.4203594,0.7136632928362633
2915,TCP +50,He Chuck,0.4209266,0.6585763211442719
2915,TCP +50,Normal,0.46676517,0.8027473665642918
2917,RF +10,RF +10,0.96079487,0.9999996050066197
2917,RF +10,RF +10,0.99618465,0.9999996128913884
2917,RF +10,RF +10,0.9074642,0.9999996078623722
2917,RF +10,RF +10,0.9730597,0.9999990155670274
2917,RF +10,RF +10,0.9450938,0.9999995642026623
2917,RF +10,RF +10,1.0831071,0.9999993883192524
2917,RF +10,RF +10,0.991201,0.999999522385557
2917,RF +10,RF +10,0.9424645,0.9999994449736226
2917,RF +10,RF +10,0.99954945,0.9999995448938359
2917,RF +10,RF +10,1.0020695,0.9999996534020525
2917,RF +10,RF +10,0.9976123,0.9999995461319405
2917,RF +10,RF +10,0.9435702,0.9999991985288095
2917,RF +10,RF +10,0.81455433,0.9999991193448561
2917,RF +10,RF +10,0.90001917,0.9999994427852114
2917,RF +10,RF +10,1.1951774,0.9999994025556557
2917,RF +10,RF +10,1.692208,0.9999986580036904
2917,RF +10,RF +10,1.9951288,0.9999992961950199
2917,RF +10,RF +10,1.9989065,0.9999992453298312
2917,RF +10,RF +10,1.8169103,0.9999992468868474
2917,RF +10,RF +10,1.7297716,0.9999994869488186
2917,RF +10,RF +10,2.2413244,0.9999987491870692
2917,RF +10,RF +10,2.520187,0.9999985052586833
2917,RF +10,RF +10,2.55173,0.999998745845987
2917,RF +10,RF +10,1.4923261,0.9999984176365081
2917,RF +10,RF +10,1.2304718,0.9999984915334663
2917,RF +10,RF +10,0.9745795,0.9999935834402317
2917,RF +10,RF +10,0.8771972,0.9999982416274088
2917,RF +10,RF +10,0.9714887,0.9999992935907457
2917,RF +10,RF +10,0.99058145,0.9999994683586955
2917,RF +10,RF +10,1.0159893,0.9999992578846414
2917,RF +10,RF +10,0.9899162,0.9999992338932174
2917,RF +10,RF +10,1.4517434,0.9999996314461396
2917,RF +10,RF +10,1.437082,0.999999594255497
2917,RF +10,RF +10,1.4324347,0.9999979131756452
2917,RF +10,RF +10,1.4454907,0.9999996197697762
2917,RF +10,RF +10,1.4566929,0.9999996125256594
2917,RF +10,RF +10,1.4553896,0.9999996124315841
2917,RF +10,RF +10,1.5983347,0.9999982326101289
2918,Pr +3,He Chuck,0.32033232,0.9236927536389893
2918,Pr +3,Normal,0.3652527,0.8408430219417196
2918,Pr +3,Normal,0.39177603,0.9251276486571857
2918,Pr +3,Normal,0.51452166,0.9530101494835675
2918,Pr +3,Normal,0.34889355,0.47619779456051076
2918,Pr +3,Normal,0.30950367,0.7661745458321044
2918,Pr +3,Normal,0.77482766,0.9496240444047248
2918,Pr +3,Normal,0.3024255,0.7957296654496397
2918,Pr +3,He Chuck,0.28726572,0.7434686797900024
2918,Pr +3,Normal,0.30289418,0.8782991916195371
2918,Pr +3,Normal,0.29078865,0.8286377719861067
2918,Pr +3,He Chuck,0.26004866,0.8181668551270328
2918,Pr +3,He Chuck,0.22997695,0.8310815541869642
2918,Pr +3,Normal,0.23576936,0.6449297596397147
2918,Pr +3,Normal,0.37113672,0.6793534236278991
2918,Pr +3,BCl3 +5,0.46733737,0.5766540811190918
2918,Pr +3,He Chuck,0.4547494,0.9695043835056306
2918,Pr +3,He Chuck,0.46430007,0.9357749494542259
2918,Pr +3,Cl2 -5,0.5210395,0.5183356830041119
2918,Pr +3,He Chuck,0.44339463,0.9151654802781611
2918,Pr +3,Cl2 -5,0.5316872,0.83624210089022
2918,Pr +3,He Chuck,0.6292006,0.7814238725835455
2918,Pr +3,He Chuck,0.73004407,0.7110016571654182
2918,Pr +3,BCl3 +5,0.7532714,0.46364688491202977
2918,Pr +3,Cl2 -5,0.47081628,0.9967683638497481
2918,Pr +3,He Chuck,0.3682318,0.5574520952719
2918,Pr +3,Normal,0.38798857,0.7765436204851668
2918,Pr +3,Normal,0.74618965,0.9733539243719673
2918,Pr +3,Normal,0.4512928,0.6811959793910232
2918,Pr +3,Normal,0.44525972,0.8287919051519966
2918,Pr +3,Normal,0.42434308,0.9278988014425115
2918,Pr +3,Normal,0.43021968,0.8393882021545753
2918,Pr +3,Normal,0.4886359,0.8784880615210475
2918,Pr +3,UNKNOWN FAULT,0.9282445,0.9814923595549049
2918,Pr +3,Normal,0.47010508,0.9263851300004158
2918,Pr +3,Normal,0.45319885,0.6903149427125616
2918,Pr +3,Normal,0.4472212,0.5962155474576917
2918,Pr +3,Normal,0.45796973,0.9272612896094145
2920,Normal,Normal,0.2038815,0.9336778246214648
2920,Normal,Normal,0.27882046,0.929764569276425
2920,Normal,Normal,0.31402686,0.9563747931752477
2920,Normal,Normal,0.37886754,0.9663184064979785
2920,Normal,Normal,0.25359276,0.8313228309994602
2920,Normal,Normal,0.29883233,0.6845764875177076
2920,Normal,Normal,0.3474724,0.8797282237559286
2920,Normal,He Chuck,0.35049334,0.583699423596146
2920,Normal,Normal,0.33546737,0.9618865025454489
2920,Normal,Normal,0.30894363,0.7911290436178975
2920,Normal,Normal,0.27488917,0.8635148258059681
2920,Normal,Normal,0.29441497,0.5465395289782525
2920,Normal,He Chuck,0.23916903,0.8117692336351511
2920,Normal,Normal,0.35814685,0.9274613183820338
2920,Normal,Normal,0.39671385,0.8963419069129278
2920,Normal,He Chuck,0.43669686,0.9300581081097883
2920,Normal,Normal,0.7182304,0.6914654153826408
2920,Normal,Normal,0.66940975,0.56027746290534
2920,Normal,Normal,0.6573446,0.7665704840054877
2920,Normal,He Chuck,0.48454952,0.7201561381768777
2920,Normal,Normal,0.68771285,0.8263873220308784
2920,Normal,Normal,0.7431943,0.9999621285940495
2920,Normal,Normal,0.86987054,0.9997042632096905
2920,Normal,Normal,0.8339742,0.9996341992266773
2920,Normal,Normal,0.61445844,0.9184063819361478
2920,Normal,Normal,0.5381156,0.8998456027165227
2920,Normal,Normal,0.56196064,0.9725404698891933
2920,Normal,Normal,0.47653866,0.9315610500535305
2920,Normal,Normal,0.43733066,0.5634237714256274
2920,Normal,Normal,0.4985812,0.8320151115005345
2920,Normal,Normal,0.48728755,0.9571295519624591
2920,Normal,Normal,0.39655462,0.942991629595495
2920,Normal,Normal,0.41263035,0.9664025756580935
2920,Normal,Normal,0.41922414,0.8595564403002927
2920,Normal,Normal,0.4231344,0.7200096972906157
2920,Normal,Normal,0.42010558,0.9633142317035212
2920,Normal,Normal,0.40678695,0.7331892175599118
2920,Normal,Normal,0.4422954,0.8208446905859678
2921,Normal,Normal,0.24808817,0.9343176521046259
2921,Normal,Normal,0.26756513,0.9388864648146553
2921,Normal,Normal,0.3059424,0.9628831630239111
2921,Normal,Normal,0.35300642,0.9681600412686475
2921,Normal,Normal,0.31042582,0.9733824881593242
2921,Normal,Normal,0.3376924,0.9719769105531607
2921,Normal,Normal,0.30696788,0.826735024194371
2921,Normal,Normal,0.2634465,0.8822693456232175
2921,Normal,Normal,0.40941808,0.9218229424216982
2921,Normal,Normal,0.3026272,0.9771257020152178
2921,Normal,Normal,0.32192427,0.9766537320864732
2921,Normal,Normal,0.28983104,0.5603537392709352
2921,Normal,Normal,0.2704374,0.9123382390939094
2921,Normal,Normal,0.2547044,0.8951056763595701
2921,Normal,Normal,0.41772982,0.7771544116636854
2921,Normal,Normal,0.5836835,0.9678242209229158
2921,Normal,He Chuck,0.68036556,0.7442476747063602
2921,Normal,He Chuck,0.6363588,0.9467097386140662
2921,Normal,Normal,0.5622955,0.8082816662513248
2921,Normal,He Chuck,0.5201496,0.7306828270979897
2921,Normal,He Chuck,0.6845233,0.8101193465391361
2921,Normal,He Chuck,0.7087369,0.46922488300059245
2921,Normal,He Chuck,0.82682574,0.9775470715383333
2921,Normal,Normal,0.83607334,0.947950218684487
2921,Normal,Normal,0.5708098,0.8925254677813542
2921,Normal,Normal,0.57079893,0.7380227991632493
2921,Normal,Normal,0.47401822,0.9160709134818958
2921,Normal,Normal,0.44124597,0.7460895996889207
2921,Normal,Normal,0.46606493,0.9502927562633248
2921,Normal,Normal,0.61379176,0.9529953746823918
2921,Normal,Normal,0.45831472,0.94874071054009
2921,Normal,Normal,0.23667428,0.8491253543273353
2921,Normal,Normal,0.40848207,0.9842037622011801
2921,Normal,Normal,0.46015373,0.9130274710331502
2921,Normal,Normal,0.44101536,0.9719442238551477
2921,Normal,Normal,0.43382803,0.9693180733992872
2921,Normal,Normal,0.421256,0.9721332425456286
2921,Normal,Normal,0.4229593,0.7744320732191822
2922,Normal,Normal,0.28244698,0.7344371584228843
2922,Normal,Normal,0.2706297,0.7881903695465542
2922,Normal,Normal,0.29993904,0.6744944681102342
2922,Normal,Normal,0.31408888,0.7517963335300122
2922,Normal,He Chuck,0.26218003,0.4960989794026957
2922,Normal,Normal,0.2787781,0.7867211980627494
2922,Normal,He Chuck,0.3195837,0.65839766434083
2922,Normal,He Chuck,0.31310526,0.5807854650966218
2922,Normal,Normal,0.31326762,0.9799599687648127
2922,Normal,Normal,0.3153388,0.9414777564416996
2922,Normal,Normal,0.27448657,0.935763754030019
2922,Normal,Normal,0.27733958,0.8548549127424814
2922,Normal,Normal,0.26180866,0.8642316176691668
2922,Normal,Normal,0.36456487,0.9064420516327835
2922,Normal,Normal,0.6160801,0.9605054707814711
2922,Normal,Normal,0.78946435,0.7928798213043278
2922,Normal,UNKNOWN FAULT,1.2151587,0.9133519689746484
2922,Normal,Normal,0.6583621,0.7031202945298728
2922,Normal,Normal,0.5387151,0.6154551038185767
2922,Normal,He Chuck,0.52497494,0.6625837837453069
2922,Normal,Normal,0.6381636,0.9998683108341353
2922,Normal,UNKNOWN FAULT,0.913881,0.9998840467685259
2922,Normal,Normal,0.7822688,0.999777040734931
2922,Normal,He Chuck,0.55406517,0.5562773712760328
2922,Normal,Normal,0.58237827,0.8007144031414335
2922,Normal,Normal,0.55608696,0.9548349507140369
2922,Normal,Normal,0.48256084,0.6681889676696681
2922,Normal,Normal,0.46100035,0.9387883067282086
2922,Normal,Normal,0.47822586,0.9455465146225351
2922,Normal,Normal,0.48091426,0.938169485761117
2922,Normal,Normal,0.24188747,0.787566983940609
2922,Normal,Normal,0.43259627,0.873145150391297
2922,Normal,Normal,0.43843767,0.6258455070071175
2922,Normal,Normal,0.43576893,0.8079181933918695
2922,Normal,Normal,0.4352072,0.8655588980562772
2922,Normal,Normal,0.4081364,0.6432415194181537
2922,Normal,Normal,0.4571522,0.9980358487737837
2922,Normal,Normal,0.42184705,0.5797201552218206
2923,Normal,Normal,0.29106212,0.692825140455571
2923,Normal,Normal,0.28110662,0.5730772364038746
2923,Normal,Normal,0.29503894,0.49876834398077796
2923,Normal,He Chuck,0.2699597,0.8992448357865853
2923,Normal,He Chuck,0.3509673,0.8167333722846143
2923,Normal,Normal,0.31350964,0.9327530260562973
2923,Normal,Normal,0.3137842,0.9501869160756948
2923,Normal,He Chuck,0.28165993,0.7457195691680387
2923,Normal,Normal,0.3015105,0.9274713548354665
2923,Normal,Normal,0.3373702,0.9346442201750643
2923,Normal,He Chuck,0.3157256,0.7554542992305682
2923,Normal,Normal,0.2596029,0.5280773746705751
2923,Normal,Normal,0.20374586,0.8910798696890833
2923,Normal,Normal,0.33947188,0.9528982771116863
2923,Normal,Normal,0.52555734,0.966929197410103
2923,Normal,Normal,0.7506462,0.5648899475833754
2923,Normal,He Chuck,0.76107574,0.7737430166792378
2923,Normal,He Chuck,0.68424237,0.5873456018352197
2923,Normal,Normal,0.6217455,0.5010639328707134
2923,Normal,He Chuck,0.57939744,0.6994129482380242
2923,Normal,He Chuck,0.8722447,0.7614979912945551
2923,Normal,Normal,0.8058418,0.661688544764249
2923,Normal,He Chuck,0.76485485,0.9628219529090648
2923,Normal,Normal,0.6372489,0.7579902818160423
2923,Normal,Normal,0.48300174,0.7655545220917856
2923,Normal,Normal,0.4638472,0.6433958492781829
2923,Normal,Normal,0.5334799,0.8362588204168543
2923,Normal,Normal,0.50582373,0.9422713300312455
2923,Normal,Normal,0.4678399,0.8861034437867267
2923,Normal,Normal,0.4893729,0.9201362675141396
2923,Normal,Normal,0.29244077,0.8104902244686093
2923,Normal,Normal,0.40817153,0.7826535537366726
2923,Normal,Normal,0.42870277,0.8468213013613048
2923,Normal,Normal,0.42359692,0.8230206404677315
2923,Normal,Normal,0.45237246,0.7623075367921821
2923,Normal,Normal,0.40664792,0.8322367169961786
2923,Normal,Normal,0.41399327,0.7389520209585179
2923,Normal,He Chuck,0.4634148,0.8465677709147177
2924,Normal,He Chuck,0.2067553,0.4463793597417974
2924,Normal,Pr -2,0.27971017,0.4203344997500549
2924,Normal,Normal,0.34058085,0.871809307667896
2924,Normal,Normal,0.33934405,0.9450387469956425
2924,Normal,Normal,0.35664207,0.9617208342383163
2924,Normal,Normal,0.37467355,0.7951716396811356
2924,Normal,Normal,0.36545217,0.5662494122901994
2924,Normal,He Chuck,0.33543584,0.7559760877458125
2924,Normal,He Chuck,0.3104624,0.27047011269052185
2924,Normal,TCP +10,0.33655086,0.7595456957163599
2924,Normal,Normal,0.32151607,0.40655277658600253
2924,Normal,Normal,0.3210848,0.578473511623318
2924,Normal,Normal,0.21696897,0.9070127227568519
2924,Normal,Normal,0.33104673,0.7575994485549417
2924,Normal,Normal,0.3724708,0.6907216260211451
2924,Normal,He Chuck,0.71604365,0.9035256328771327
2924,Normal,Normal,0.8669712,0.8220494873207166
2924,Normal,He Chuck,0.6183958,0.7513081598035102
2924,Normal,He Chuck,0.51133037,0.5406659097994646
2924,Normal,He Chuck,0.65719646,0.6070216081887416
2924,Normal,Normal,0.87204576,0.7556185528708328
2924,Normal,Normal,0.8200954,0.7403755992340906
2924,Normal,He Chuck,0.89781755,0.9350392662364331
2924,Normal,He Chuck,0.5337211,0.8093727588212632
2924,Normal,He Chuck,0.51320237,0.688917048600628
2924,Normal,Normal,0.48462114,0.7564229643752894
2924,Normal,Normal,0.5272492,0.9113332973777076
2924,Normal,He Chuck,0.533925,0.9222381860379931
2924,Normal,He Chuck,0.50040066,0.7232208436075476
2924,Normal,Normal,0.6077516,0.7407545271681575
2924,Normal,Normal,0.25104982,0.9351241514035395
2924,Normal,Normal,0.43648052,0.7629229334340873
2924,Normal,Normal,0.42950097,0.7855886774767848
2924,Normal,Normal,0.4660709,0.7813109567018719
2924,Normal,Normal,0.43625674,0.9464185557026246
2924,Normal,Normal,0.40881583,0.8402286772926404
2924,Normal,Normal,0.4162327,0.770742601221614
2924,Normal,Normal,0.4569664,0.8432594312364106
2925,Normal,TCP +10,0.26117107,0.5148178355877678
2925,Normal,Normal,0.2793888,0.4624687675168152
2925,Normal,Normal,0.28418958,0.5687264630847864
2925,Normal,Normal,0.3288073,0.921084186360027
2925,Normal,Normal,0.3321949,0.9410706808408592
2925,Normal,Normal,0.32912388,0.9001963426420553
2925,Normal,Normal,0.31914514,0.565590153697114
2925,Normal,He Chuck,0.28281063,0.41368169395050863
2925,Normal,TCP +10,0.28529093,0.5343230102600954
2925,Normal,He Chuck,0.3489214,0.6087739917033119
2925,Normal,He Chuck,0.31875008,0.7636866049797696
2925,Normal,He Chuck,0.3505553,0.5358603945284863
2925,Normal,He Chuck,0.20406733,0.5221613196981836
2925,Normal,Normal,0.38784918,0.4721504902110828
2925,Normal,Normal,0.4254953,0.879168841552889
2925,Normal,Normal,0.7572416,0.8873663810643301
2925,Normal,He Chuck,0.8328626,0.6768381737464926
2925,Normal,He Chuck,0.66962504,0.8417876607521942
2925,Normal,He Chuck,0.601455,0.5548212826440017
2925,Normal,He Chuck,0.6986273,0.6938892036374914
2925,Normal,He Chuck,0.7946475,0.7678799301311572
2925,Normal,He Chuck,0.9030646,0.7573987088363567
2925,Normal,He Chuck,0.7773844,0.8507139117860144
2925,Normal,He Chuck,0.545203,0.5920223593463295
2925,Normal,Normal,0.46844703,0.7535488245012991
2925,Normal,Normal,0.47735763,0.851632404428921
2925,Normal,Normal,0.5225573,0.9558678742355956
2925,Normal,He Chuck,0.5182351,0.9511181870152273
2925,Normal,Normal,0.4560169,0.7305039821090281
2925,Normal,Normal,0.5194825,0.8155260146841818
2925,Normal,He Chuck,0.28085065,0.752950246346683
2925,Normal,He Chuck,0.462227,0.9581029442370729
2925,Normal,He Chuck,0.42897323,0.979966697461858
2925,Normal,He Chuck,0.4353943,0.9750585645467849
2925,Normal,He Chuck,0.4046468,0.995440183293041
2925,Normal,TCP +10,0.41152588,0.982376009517592
2925,Normal,Normal,0.40838686,0.6820368717011084
2925,Normal,Normal,0.41918063,0.6394273755412675
2926,Normal,He Chuck,0.22253297,0.9699589394773036
2926,Normal,Pr -2,0.28987637,0.8178279565566033
2926,Normal,Normal,0.31058186,0.6377571841751225
2926,Normal,He Chuck,0.32757062,0.6191185865791224
2926,Normal,TCP +10,0.29486045,0.38588364894026195
2926,Normal,Normal,0.33376673,0.4343274055301132
2926,Normal,Normal,0.25901476,0.5117546227449106
2926,Normal,Normal,0.38162753,0.5767313392004809
2926,Normal,Normal,0.2973774,0.9375226518153211
2926,Normal,TCP +10,0.28501707,0.4443194278833607
2926,Normal,Normal,0.2761894,0.6884702108141253
2926,Normal,Normal,0.2602948,0.9470005910635436
2926,Normal,Normal,0.19223438,0.7111633587503692
2926,Normal,TCP +10,0.35670203,0.49416256378514134
2926,Normal,He Chuck,0.39939716,0.5574558108202998
2926,Normal,He Chuck,0.63331485,0.7089662218011891
2926,Normal,He Chuck,0.73297405,0.8304746404266101
2926,Normal,He Chuck,0.70095915,0.9627465039874418
2926,Normal,Normal,0.5906,0.9996901585694339
2926,Normal,Normal,0.6240455,0.9997060897533588
2926,Normal,Normal,0.7899875,0.9998097609586986
2926,Normal,He Chuck,0.8552904,0.7562022330573338
2926,Normal,He Chuck,0.7574189,0.6837518327963885
2926,Normal,He Chuck,0.5291458,0.8817997308805112
2926,Normal,He Chuck,0.44696605,0.47571082432685763
2926,Normal,Normal,0.50655127,0.5309455872990596
2926,Normal,Normal,0.50556475,0.5312940183268726
2926,Normal,Normal,0.4669504,0.9482988298483828
2926,Normal,Normal,0.5031432,0.9465461792806154
2926,Normal,Normal,0.47527984,0.45644770540979457
2926,Normal,TCP +10,0.26841438,0.4896402474769599
2926,Normal,TCP +10,0.392064,0.3940024199816819
2926,Normal,TCP +10,0.40330502,0.9863861095539034
2926,Normal,TCP +10,0.46274763,0.9011820521573403
2926,Normal,TCP +10,0.47495413,0.6432496626956321
2926,Normal,TCP +10,0.43221375,0.8742699213145187
2926,Normal,TCP +10,0.43970394,0.35051433651820674
2926,Normal,TCP +10,0.4643206,0.7126117580354209
2927,Normal,TCP +10,0.2792679,0.5589641008390871
2927,Normal,He Chuck,0.3012507,0.8978014021345478
2927,Normal,He Chuck,0.26604593,0.8049004093038599
2927,Normal,He Chuck,0.30879325,0.5338175668644958
2927,Normal,He Chuck,0.32598096,0.3696489038299204
2927,Normal,He Chuck,0.31938648,0.8883675322497054
2927,Normal,Normal,0.39895546,0.32972626939607397
2927,Normal,Normal,0.3174989,0.7351771776897756
2927,Normal,Normal,0.3265664,0.930777392596146
2927,Normal,Normal,0.37865186,0.8675543996909081
2927,Normal,He Chuck,0.31662366,0.9812508944357513
2927,Normal,Normal,0.3026364,0.8760586940439778
2927,Normal,Normal,0.17460433,0.6735242566703837
2927,Normal,Normal,0.31442997,0.9313474692850147
2927,Normal,Normal,0.40079057,0.9374471147469068
2927,Normal,Normal,0.6345018,0.4735266885896977
2927,Normal,He Chuck,0.7377705,0.5575253612275944
2927,Normal,He Chuck,0.7291014,0.8553798531093384
2927,Normal,He Chuck,0.5434961,0.9344177984587477
2927,Normal,He Chuck,0.5737065,0.5210701764025085
2927,Normal,Normal,0.8184824,0.9993032790577637
2927,Normal,Normal,0.8253691,0.9996087844970339
2927,Normal,He Chuck,0.808267,0.9126191239616442
2927,Normal,He Chuck,0.5470197,0.5814347153896294
2927,Normal,Normal,0.5564228,0.5484247680390397
2927,Normal,He Chuck,0.4835554,0.9243696122102325
2927,Normal,He Chuck,0.4369923,0.9825939821309998
2927,Normal,He Chuck,0.47268492,0.737302159583332
2927,Normal,Normal,0.44193664,0.7046788457787307
2927,Normal,He Chuck,0.49082723,0.8707807616297649
2927,Normal,TCP +10,0.2605312,0.526078716746912
2927,Normal,He Chuck,0.4069343,0.9638229767842299
2927,Normal,He Chuck,0.41833863,0.9951259026729791
2927,Normal,He Chuck,0.419725,0.8892895092095556
2927,Normal,He Chuck,0.4338002,0.8837469229596551
2927,Normal,He Chuck,0.44368017,0.9913861693107954
2927,Normal,He Chuck,0.42975622,0.9979218753589961
2927,Normal,He Chuck,0.44303536,0.9897779607191411
2928,Normal,He Chuck,0.24206322,0.5956545691456185
2928,Normal,He Chuck,0.2693156,0.5215333202122623
2928,Normal,He Chuck,0.2830863,0.43407878762054936
2928,Normal,Normal,0.3658535,0.37289246892515887
2928,Normal,He Chuck,0.35755688,0.7552684745823636
2928,Normal,He Chuck,0.2676987,0.6787539619842639
2928,Normal,He Chuck,0.3436413,0.6023917741873392
2928,Normal,He Chuck,0.33524048,0.6664544311061843
2928,Normal,He Chuck,0.330338,0.8773186967950611
2928,Normal,Normal,0.30571324,0.7532279348439307
2928,Normal,Normal,0.29450795,0.9159034177998131
2928,Normal,He Chuck,0.3504793,0.944823374494146
2928,Normal,He Chuck,0.18034229,0.5758737403464431
2928,Normal,TCP +10,0.22605029,0.9523932918042127
2928,Normal,Normal,0.47504607,0.9135338183872977
2928,Normal,Normal,0.74094707,0.8372656311418059
2928,Normal,He Chuck,0.8344142,0.5269520056479883
2928,Normal,He Chuck,0.62375456,0.5641907269137852
2928,Normal,Normal,0.6280117,0.6079208798694403
2928,Normal,Normal,0.5571388,0.7844682920973114
2928,Normal,He Chuck,0.81319,0.5013282230927597
2928,Normal,He Chuck,0.8663343,0.9260763777810518
2928,Normal,He Chuck,0.9632158,0.8814493411479605
2928,Normal,UNKNOWN FAULT,0.938607,0.8563592600259187
2928,Normal,He Chuck,0.47286022,0.608115718590338
2928,Normal,TCP +10,0.5277848,0.623768342131138
2928,Normal,He Chuck,0.4425494,0.9898185010106461
2928,Normal,He Chuck,0.48345146,0.42212699583474594
2928,Normal,Pr -2,0.53318393,0.30882886027709516
2928,Normal,Normal,0.5554959,0.523917927923314
2928,Normal,He Chuck,0.54778033,0.4745528981278787
2928,Normal,TCP +10,0.4073037,0.2885639147220888
2928,Normal,He Chuck,0.4004892,0.6590623237038424
2928,Normal,TCP +10,0.4337226,0.47698131056255594
2928,Normal,He Chuck,0.40296757,0.6547059100172958
2928,Normal,TCP +10,0.42317227,0.8668519770989427
2928,Normal,TCP +10,0.41696972,0.4760257713250635
2928,Normal,TCP +10,0.45524743,0.4242804587829192
2929,Normal,He Chuck,0.22318788,0.7396829093382511
2929,Normal,He Chuck,0.29194078,0.9653326744032107
2929,Normal,Normal,0.2682754,0.5774456698756758
2929,Normal,Normal,0.35497326,0.5772519944685661
2929,Normal,Normal,0.42071134,0.6595454866388705
2929,Normal,He Chuck,0.3190723,0.8932343487763038
2929,Normal,He Chuck,0.33220053,0.5749984344377869
2929,Normal,Normal,0.29292682,0.31680490918480403
2929,Normal,Normal,0.26821616,0.392424687926891
2929,Normal,He Chuck,0.28844735,0.8080766874201938
2929,Normal,He Chuck,0.30706045,0.6159644287957136
2929,Normal,He Chuck,0.28609204,0.8613309575557065
2929,Normal,He Chuck,0.1471308,0.5233722508078882
2929,Normal,TCP +10,0.28017408,0.49370432073912823
2929,Normal,Normal,0.29452196,0.906806404650522
2929,Normal,Normal,0.6440367,0.894140571278152
2929,Normal,He Chuck,0.6117115,0.5406347486668572
2929,Normal,He Chuck,0.518776,0.5910979088079547
2929,Normal,Normal,0.45795292,0.5086885868121505
2929,Normal,He Chuck,0.57094514,0.8893997694636764
2929,Normal,He Chuck,0.66285014,0.9472094290999612
2929,Normal,He Chuck,0.77407074,0.9054232539043823
2929,Normal,He Chuck,0.90140164,0.6536993665294738
2929,Normal,He Chuck,0.88784724,0.5166087875246463
2929,Normal,Normal,0.54392564,0.7248420410449827
2929,Normal,He Chuck,0.52878535,0.7963482514294434
2929,Normal,Normal,0.49470416,0.3244799431492333
2929,Normal,TCP +10,0.48432145,0.6998415500616537
2929,Normal,TCP +10,0.64174426,0.49371165065323963
2929,Normal,Normal,0.47789216,0.9244237316972763
2929,Normal,Normal,0.21974152,0.9238488710182435
2929,Normal,Normal,0.40713304,0.868686212713062
2929,Normal,Normal,0.39965135,0.9511394225428674
2929,Normal,Normal,0.4147827,0.8413582438964402
2929,Normal,Normal,0.42911518,0.7704322021770929
2929,Normal,TCP +10,0.4085188,0.9979958490941402
2929,Normal,TCP +10,0.4196909,0.8865413613481481
2929,Normal,Pr -2,0.44621956,0.6597395071960976
2930,Normal,He Chuck,0.284079,0.3645573643762761
2930,Normal,Normal,0.2846784,0.955538115838017
2930,Normal,He Chuck,0.25663137,0.8645423970056141
2930,Normal,Normal,0.3967897,0.7912583728138516
2930,Normal,Normal,0.3237393,0.894423579935563
2930,Normal,He Chuck,0.29552725,0.713318192884518
2930,Normal,Normal,0.33385515,0.6428403622887396
2930,Normal,Normal,0.30469525,0.7024783023698342
2930,Normal,Normal,0.3509152,0.9624992968168687
2930,Normal,Normal,0.33421177,0.5446595350348111
2930,Normal,Normal,0.28000152,0.8919446178858291
2930,Normal,Normal,0.3709265,0.9500196720456107
2930,Normal,Normal,0.2091005,0.7131842107263928
2930,Normal,TCP +10,0.2905931,0.4293305385171459
2930,Normal,He Chuck,0.37882662,0.8877865558670861
2930,Normal,He Chuck,0.6702061,0.7486808430117874
2930,Normal,He Chuck,0.9600364,0.6899134529765845
2930,Normal,He Chuck,0.6208429,0.6349572218298307
2930,Normal,He Chuck,0.56652904,0.8597058734558515
2930,Normal,He Chuck,0.5428325,0.6348004777071825
2930,Normal,Normal,0.86460805,0.999910808439103
2930,Normal,Normal,0.8863218,0.9998540524140808
2930,Normal,Normal,0.80158126,0.9998247608913988
2930,Normal,Normal,0.6009156,0.9997772974513183
2930,Normal,Normal,0.45453718,0.7057568783661795
2930,Normal,Normal,0.5272475,0.8939985299366482
2930,Normal,Normal,0.6102369,0.7117090673767988
2930,Normal,He Chuck,0.58042336,0.6507441339251059
2930,Normal,Normal,0.5575481,0.8177248988113791
2930,Normal,Normal,0.5247415,0.9475789619170284
2930,Normal,He Chuck,0.4811018,0.6904382370915964
2930,Normal,Normal,0.40554044,0.6517698693996267
2930,Normal,Normal,0.41257182,0.6701047813416301
2930,Normal,Normal,0.46849197,0.9130486385762882
2930,Normal,Normal,0.42843512,0.7399948490309215
2930,Normal,He Chuck,0.41572806,0.7490129515352972
2930,Normal,Normal,0.43263066,0.8302194823951086
2930,Normal,Normal,0.4598772,0.920250686380523
2931,Normal,Normal,0.20742857,0.5791282169395258
2931,Normal,Normal,0.27423102,0.8032006043939778
2931,Normal,Normal,0.5102654,0.6181443115041334
2931,Normal,Normal,0.42724133,0.9074209080239127
2931,Normal,He Chuck,0.28558847,0.7825838193866475
2931,Normal,He Chuck,0.29944542,0.7513849107178201
2931,Normal,Normal,0.28566244,0.37450011814297807
2931,Normal,He Chuck,0.27544627,0.8118568470320541
2931,Normal,Normal,0.31986493,0.39300863914807027
2931,Normal,He Chuck,0.28010216,0.943187655703305
2931,Normal,He Chuck,0.4004726,0.8075449522724043
2931,Normal,He Chuck,0.32897505,0.4124269974973227
2931,Normal,He Chuck,0.20673032,0.9916297586993459
2931,Normal,Normal,0.3354311,0.8769457472609762
2931,Normal,Normal,0.42478642,0.9332947711780688
2931,Normal,He Chuck,0.66371304,0.8596105450052783
2931,Normal,UNKNOWN FAULT,1.1280419,0.9708695585641716
2931,Normal,He Chuck,0.6557395,0.5664677431597911
2931,Normal,He Chuck,0.5475938,0.8915369007097251
2931,Normal,He Chuck,0.6287828,0.5732061937840507
2931,Normal,He Chuck,0.69428486,0.5064795270326816
2931,Normal,He Chuck,0.8625813,0.7412558381599125
2931,Normal,He Chuck,0.8865305,0.7640867751027757
2931,Normal,He Chuck,0.5826052,0.9461491156676576
2931,Normal,Normal,0.60147285,0.6863968119270727
2931,Normal,Normal,0.47036305,0.8650296174476517
2931,Normal,Normal,0.5658054,0.7718404003364603
2931,Normal,Normal,0.48571315,0.9514650914229431
2931,Normal,He Chuck,0.48545042,0.4400356554405854
2931,Normal,Normal,0.5352621,0.9722457756211347
2931,Normal,Normal,0.30228645,0.9479362383278152
2931,Normal,He Chuck,0.43133268,0.7255794423412034
2931,Normal,Normal,0.42877105,0.40813405640508993
2931,Normal,Normal,0.43004987,0.4883710787794786
2931,Normal,Normal,0.4132596,0.5012985615825369
2931,Normal,Normal,0.41710275,0.7395065953521834
2931,Normal,TCP +10,0.44362894,0.5022818477969391
2931,Normal,TCP +10,0.467133,0.4409100884270888
2932,Normal,He Chuck,0.1861262,0.9422557891563411
2932,Normal,He Chuck,0.29038188,0.9907994295345474
2932,Normal,He Chuck,0.29456422,0.7506289554317016
2932,Normal,TCP +10,0.31115022,0.6956064211046432
2932,Normal,Normal,0.36144048,0.4123757180269289
2932,Normal,Normal,0.41077068,0.8964730275660258
2932,Normal,Normal,0.34307146,0.7414259277026239
2932,Normal,Normal,0.29286873,0.9432591670948695
2932,Normal,Normal,0.28968304,0.9364999547486137
2932,Normal,Normal,0.30118343,0.9741995715410412
2932,Normal,Normal,0.27794802,0.8056862413611311
2932,Normal,Normal,0.28615555,0.9717902957066559
2932,Normal,Normal,0.20934115,0.77420012957132
2932,Normal,TCP +10,0.3109888,0.407390989088819
2932,Normal,Normal,0.4528429,0.5990081934678998
2932,Normal,Normal,0.7590161,0.8900278859761156
2932,Normal,Normal,0.84317064,0.8310259636510223
2932,Normal,Normal,0.7691437,0.9437461470879533
2932,Normal,He Chuck,0.83228385,0.5108139712890803
2932,Normal,Normal,0.7965623,0.5851219503143505
2932,Normal,Normal,0.7831288,0.6513664914661613
2932,Normal,UNKNOWN FAULT,0.91827315,0.5645847142793659
2932,Normal,He Chuck,0.8517253,0.9655746582266694
2932,Normal,He Chuck,0.5746364,0.9471020939213824
2932,Normal,Normal,0.47181493,0.5548715731114847
2932,Normal,He Chuck,0.4695101,0.7316436866838393
2932,Normal,He Chuck,0.5081882,0.9875756426267346
2932,Normal,Normal,0.49641392,0.9098826625385175
2932,Normal,Normal,0.4905927,0.96388217945363
2932,Normal,Normal,0.45811325,0.9626721968224302
2932,Normal,Normal,0.2426303,0.8399122055873764
2932,Normal,Normal,0.4386855,0.8835298588586842
2932,Normal,TCP +10,0.41798148,0.8827808561607244
2932,Normal,Normal,0.42530563,0.7735940883835002
2932,Normal,Normal,0.4420983,0.9155450691534216
2932,Normal,Normal,0.40636644,0.804681107507393
2932,Normal,Normal,0.39977872,0.661089568660166
2932,Normal,Normal,0.4801549,0.6868906011140191
2933,Normal,He Chuck,0.24080679,0.3090519946660767
2933,Normal,He Chuck,0.30432683,0.8432900664963605
2933,Normal,Normal,0.32868174,0.8381195947071989
2933,Normal,TCP +10,0.28603923,0.4149753846944234
2933,Normal,He Chuck,0.2993056,0.47354909697313813
2933,Normal,Normal,0.2797499,0.8551866545187776
2933,Normal,Normal,0.30894932,0.9516046529608322
2933,Normal,Normal,0.29554355,0.9346638125456114
2933,Normal,Normal,0.30040315,0.9616191962118361
2933,Normal,Normal,0.28930458,0.729472616975921
2933,Normal,Normal,0.31813204,0.7481282506026337
2933,Normal,Normal,0.40061846,0.9677169851571438
2933,Normal,Normal,0.23022304,0.9272581392533724
2933,Normal,Normal,0.4644964,0.8872344389699323
2933,Normal,Normal,0.5194717,0.9012262524136545
2933,Normal,He Chuck,0.734175,0.8031147423956223
2933,Normal,UNKNOWN FAULT,1.1430134,0.935439466392516
2933,Normal,He Chuck,0.58624333,0.7303309161338482
2933,Normal,He Chuck,0.5880003,0.9037805664843985
2933,Normal,Normal,0.62080264,0.7722140572642054
2933,Normal,Normal,0.7503578,0.9957648040965328
2933,Normal,Normal,0.8984276,0.9987323651568348
2933,Normal,He Chuck,0.86488307,0.7659648432171882
2933,Normal,He Chuck,0.5796221,0.7660180743091418
2933,Normal,Normal,0.4645874,0.41492452792729906
2933,Normal,Normal,0.56486386,0.5091282193729871
2933,Normal,Normal,0.4690439,0.9520247261903972
2933,Normal,Normal,0.4636154,0.876775429022309
2933,Normal,He Chuck,0.5574824,0.2774183710719793
2933,Normal,TCP +10,0.47009996,0.8942158044926738
2933,Normal,TCP +10,0.31541508,0.8405035431719453
2933,Normal,Normal,0.42755386,0.9394604164506185
2933,Normal,Normal,0.4353127,0.9418515258497682
2933,Normal,TCP +10,0.42461422,0.8606755078162026
2933,Normal,TCP +10,0.40216303,0.9934494943426451
2933,Normal,Normal,0.41492185,0.8934414789026238
2933,Normal,Normal,0.4326381,0.9363397408183597
2933,Normal,Normal,0.43224573,0.8583113627821612
2934,Normal,TCP +10,0.2438845,0.4931116955438491
2934,Normal,He Chuck,0.33936992,0.481702799991696
2934,Normal,Normal,0.29474133,0.6421776789616872
2934,Normal,Normal,0.34121066,0.36628959563557806
2934,Normal,He Chuck,0.32576054,0.8274506557775171
2934,Normal,He Chuck,0.3240984,0.3979504710186395
2934,Normal,He Chuck,0.3112706,0.7572937935892025
2934,Normal,He Chuck,0.30328992,0.47789763310866984
2934,Normal,He Chuck,0.26541054,0.6070153213979447
2934,Normal,TCP +10,0.28616542,0.45885247439738436
2934,Normal,TCP +10,0.33374426,0.4022685777344316
2934,Normal,He Chuck,0.29362094,0.4600724677780543
2934,Normal,TCP +10,0.1420111,0.9047745901881336
2934,Normal,He Chuck,0.28525296,0.44476287367433737
2934,Normal,TCP +10,0.374104,0.4205787576613569
2934,Normal,He Chuck,0.7028942,0.7410446849800919
2934,Normal,He Chuck,0.83710945,0.9202328411402868
2934,Normal,He Chuck,0.69527966,0.9403452290726977
2934,Normal,He Chuck,0.94382423,0.8880700128573702
2934,Normal,He Chuck,0.542389,0.8987143427771339
2934,Normal,He Chuck,0.8208661,0.9515031629097597
2934,Normal,He Chuck,0.7930167,0.9927083919555353
2934,Normal,He Chuck,0.8966493,0.9287796643508036
2934,Normal,He Chuck,0.52506083,0.9979252640802798
2934,Normal,He Chuck,0.48544565,0.656217949895104
2934,Normal,He Chuck,0.54645896,0.9757041027365412
2934,Normal,He Chuck,0.5501469,0.5584583276438359
2934,Normal,He Chuck,0.49334416,0.832924607029614
2934,Normal,Normal,0.50517607,0.6106384953856123
2934,Normal,He Chuck,0.4853008,0.8348300020631906
2934,Normal,Normal,0.4819445,0.8200739716442942
2934,Normal,He Chuck,0.39354718,0.4500515528909715
2934,Normal,He Chuck,0.4004117,0.48182440786672764
2934,Normal,He Chuck,0.4287962,0.84988317385745
2934,Normal,TCP +10,0.42570153,0.480859282049736
2934,Normal,TCP +10,0.4129484,0.8358492185039458
2934,Normal,TCP +10,0.40921748,0.586646030444985
2934,Normal,He Chuck,0.4666305,0.9838394421622799
2935,Normal,TCP +10,0.22981146,0.6232774411043134
2935,Normal,TCP +10,0.30635026,0.7984361085320235
2935,Normal,He Chuck,0.2711302,0.9799662564913949
2935,Normal,Normal,0.27090308,0.793345995659621
2935,Normal,Normal,0.30513972,0.41870951625616076
2935,Normal,Normal,0.30425206,0.48008067782881
2935,Normal,Normal,0.33684734,0.5818142426282251
2935,Normal,He Chuck,0.31937304,0.9460090020065535
2935,Normal,Normal,0.40878475,0.43975091725765947
2935,Normal,Normal,0.27133438,0.4645471110563035
2935,Normal,Normal,0.3717092,0.7418750561768442
2935,Normal,He Chuck,0.28861746,0.5385434928061505
2935,Normal,TCP +10,0.23660237,0.9613389690391392
2935,Normal,He Chuck,0.45525274,0.48352774441739194
2935,Normal,He Chuck,0.45970148,0.4163680817743618
2935,Normal,Normal,0.7529763,0.41035932966538774
2935,Normal,TCP +10,0.7671874,0.5080109639018321
2935,Normal,He Chuck,0.65528584,0.8942059212022573
2935,Normal,He Chuck,0.6980158,0.9797078933998302
2935,Normal,He Chuck,0.6162298,0.9845273668847543
2935,Normal,He Chuck,0.68894726,0.9882981405063164
2935,Normal,He Chuck,0.79579043,0.9462058101058437
2935,Normal,He Chuck,0.902072,0.8734300730335184
2935,Normal,He Chuck,0.5632936,0.9383104413237877
2935,Normal,He Chuck,0.44414294,0.6519548454594881
2935,Normal,He Chuck,0.55650055,0.7701022809459087
2935,Normal,He Chuck,0.4872268,0.8599379960169281
2935,Normal,He Chuck,0.49113297,0.5473775156803563
2935,Normal,He Chuck,0.4848781,0.38192578149095224
2935,Normal,He Chuck,0.4851896,0.782212446932885
2935,Normal,He Chuck,0.28069732,0.5445096826376565
2935,Normal,He Chuck,0.4002035,0.593523224927492
2935,Normal,TCP +10,0.3992199,0.6898260697918259
2935,Normal,He Chuck,0.43348485,0.7950884757458881
2935,Normal,He Chuck,0.44251204,0.7354351362334869
2935,Normal,TCP +10,0.42732698,0.6534559501897559
2935,Normal,TCP +10,0.42612216,0.7879621253358041
2935,Normal,TCP +10,0.45600903,0.6341470667033199
2936,TCP +10,TCP +10,0.2552183,0.9999990735000768
2936,TCP +10,TCP +10,0.32733458,0.9999991621829272
2936,TCP +10,TCP +10,0.45219785,0.9999995666945579
2936,TCP +10,TCP +10,0.32280427,0.9999992661963308
2936,TCP +10,TCP +10,0.32450268,0.9999997058367999
2936,TCP +10,TCP +10,0.35520914,0.9999989381066682
2936,TCP +10,TCP +10,0.44432008,0.9999996187368653
2936,TCP +10,TCP +10,0.34035632,0.9999925423380888
2936,TCP +10,TCP +10,0.40900305,0.9999996212719602
2936,TCP +10,TCP +10,0.4392867,0.9999995753448694
2936,TCP +10,TCP +10,0.34305412,0.9999997854284103
2936,TCP +10,TCP +10,0.32456028,0.9999980792146043
2936,TCP +10,TCP +10,0.22973995,0.999995738741366
2936,TCP +10,TCP +10,0.43123695,0.9999988851208335
2936,TCP +10,TCP +10,0.44473168,0.9999984749508805
2936,TCP +10,TCP +10,0.76539767,0.9999985237193418
2936,TCP +10,TCP +10,0.7557989,0.9999710057027361
2936,TCP +10,TCP +10,0.8747735,0.9999806345087903
2936,TCP +10,TCP +10,0.6877141,0.9999956307173283
2936,TCP +10,TCP +10,0.6504397,0.9999863919077984
2936,TCP +10,TCP +10,0.8279061,0.9999980655578877
2936,TCP +10,TCP +10,0.98953444,0.9999973693313755
2936,TCP +10,TCP +10,1.0416636,0.9999893349051887
2936,TCP +10,TCP +10,0.694582,0.9999417463487439
2936,TCP +10,TCP +10,0.65657836,0.9999979408545155
2936,TCP +10,TCP +10,0.6450423,0.9999979824082003
2936,TCP +10,TCP +10,0.5640617,0.9999993665374136
2936,TCP +10,TCP +10,0.60073763,0.9999992415423417
2936,TCP +10,TCP +10,0.60497844,0.9999996173320546
2936,TCP +10,TCP +10,0.48446903,0.999998208270817
2936,TCP +10,TCP +10,0.43207824,0.9999982066339971
2936,TCP +10,TCP +10,0.43544745,0.9999996589529871
2936,TCP +10,TCP +10,0.43137154,0.9999990823654487
2936,TCP +10,TCP +10,0.43117008,0.9999919334372376
2936,TCP +10,TCP +10,0.41401199,0.9999982419344876
2936,TCP +10,TCP +10,0.39945236,0.9999991614309689
2936,TCP +10,TCP +10,0.40816176,0.9999994636975743
2936,TCP +10,TCP +10,0.46426988,0.9999989021061261
2937,BCl3 +5,BCl3 +5,0.32635418,0.9999991097678629
2937,BCl3 +5,BCl3 +5,0.253566,0.9999995578306892
2937,BCl3 +5,BCl3 +5,0.22501402,0.9999997559433992
2937,BCl3 +5,BCl3 +5,0.61323875,0.999999475527052
2937,BCl3 +5,BCl3 +5,0.29786515,0.9999989337254859
2937,BCl3 +5,BCl3 +5,0.30013135,0.9999997954613066
2937,BCl3 +5,BCl3 +5,0.36704472,0.9999991419195202
2937,BCl3 +5,BCl3 +5,0.40242207,0.9999991292124213
2937,BCl3 +5,BCl3 +5,0.27372992,0.9999986649519463
2937,BCl3 +5,BCl3 +5,0.26756403,0.9999993388382037
2937,BCl3 +5,BCl3 +5,0.3754246,0.9999991953952058
2937,BCl3 +5,BCl3 +5,0.38391614,0.9999996816350442
2937,BCl3 +5,BCl3 +5,0.18870711,0.9999993534365045
2937,BCl3 +5,BCl3 +5,0.26354313,0.9999993123055873
2937,BCl3 +5,BCl3 +5,0.4176061,0.9999981404718867
2937,BCl3 +5,BCl3 +5,0.6466724,0.9999942172264388
2937,BCl3 +5,BCl3 +5,0.7297169,0.999983379151012
2937,BCl3 +5,BCl3 +5,0.6946564,0.999996482628109
2937,BCl3 +5,BCl3 +5,0.64705175,0.9999991407165422
2937,BCl3 +5,BCl3 +5,0.63906896,0.9999993428222564
2937,BCl3 +5,BCl3 +5,0.9098386,0.9999977020036513
2937,BCl3 +5,BCl3 +5,1.0246435,0.9999898499363528
2937,BCl3 +5,BCl3 +5,0.91646653,0.999997574336236
2937,BCl3 +5,BCl3 +5,0.7500268,0.999981456440913
2937,BCl3 +5,BCl3 +5,0.46609262,0.9999963193944088
2937,BCl3 +5,BCl3 +5,0.40623152,0.9999994295236979
2937,BCl3 +5,BCl3 +5,0.5462746,0.999998497319106
2937,BCl3 +5,BCl3 +5,0.53975844,0.9999984661790005
2937,BCl3 +5,BCl3 +5,0.4202887,0.9999993057108623
2937,BCl3 +5,BCl3 +5,0.41048118,0.9999984569568179
2937,BCl3 +5,BCl3 +5,0.5508791,0.9999897939357202
2937,BCl3 +5,BCl3 +5,0.5004264,0.9999996250000663
2937,BCl3 +5,BCl3 +5,0.5094434,0.9999996125271906
2937,BCl3 +5,BCl3 +5,0.4919677,0.999999525667875
2937,BCl3 +5,BCl3 +5,0.50549483,0.999998747118861
2937,BCl3 +5,BCl3 +5,0.5223337,0.9999987243328852
2937,BCl3 +5,BCl3 +5,0.5530937,0.9999987447848654
2937,BCl3 +5,BCl3 +5,0.5964873,0.9999990099986964
2938,Pr -2,Pr -2,0.34315494,0.9999951697915294
2938,Pr -2,Pr -2,0.42173913,0.9999977050497116
2938,Pr -2,Pr -2,0.4307273,0.9999989681856839
2938,Pr -2,Pr -2,0.38317123,0.9999996492098862
2938,Pr -2,Pr -2,0.5648674,0.9999993346702608
2938,Pr -2,Pr -2,0.394208,0.9999972023029099
2938,Pr -2,Pr -2,0.5855518,0.9999978451633494
2938,Pr -2,Pr -2,0.49856308,0.9999988441198251
2938,Pr -2,Pr -2,0.4053031,0.9999992079662405
2938,Pr -2,Pr -2,0.39699534,0.9999997162727844
2938,Pr -2,Pr -2,0.3791607,0.9999990068274714
2938,Pr -2,Pr -2,0.3957124,0.9999974934572566
2938,Pr -2,Pr -2,0.38104415,0.9999995962192109
2938,Pr -2,Pr -2,0.2831852,0.9999987752704584
2938,Pr -2,Pr -2,0.45557463,0.9999981698957892
2938,Pr -2,Pr -2,0.6462365,0.9999962056050585
2938,Pr -2,Pr -2,0.98151,0.9999984906909901
2938,Pr -2,Pr -2,1.1091739,0.9999991687730648
2938,Pr -2,Pr -2,0.90450096,0.9999976242724028
2938,Pr -2,Pr -2,0.7564286,0.9999987247810428
2938,Pr -2,Pr -2,0.78828347,0.9999992092618177
2938,Pr -2,Pr -2,0.9088641,0.9999966492134179
2938,Pr -2,Pr -2,1.0230439,0.9999970821437392
2938,Pr -2,Pr -2,0.9666283,0.9999981400862115
2938,Pr -2,Pr -2,0.85708183,0.9999993570682036
2938,Pr -2,Pr -2,0.71471375,0.9999982199591613
2938,Pr -2,Pr -2,0.69486165,0.9999988399300384
2938,Pr -2,Pr -2,0.7117126,0.9999939672573528
2938,Pr -2,Pr -2,0.7905287,0.999999244727189
2938,Pr -2,Pr -2,0.617415,0.999999088382281
2938,Pr -2,Pr -2,0.79280746,0.9999997230135264
2938,Pr -2,Pr -2,0.64419913,0.9999984839050994
2938,Pr -2,Pr -2,0.33395386,0.9999984797146559
2938,Pr -2,Pr -2,0.44377032,0.9999986198834689
2938,Pr -2,Pr -2,0.46656284,0.9999991105382677
2938,Pr -2,Pr -2,0.43442875,0.9999984407558226
2938,Pr -2,Pr -2,0.4708667,0.9999973878862556
2938,Pr -2,Pr -2,0.45703682,0.9999881170904725
2939,Cl2 -5,Cl2 -5,0.2522717,0.9999940671569557
2939,Cl2 -5,Cl2 -5,0.26995856,0.9999793021977846
2939,Cl2 -5,Cl2 -5,0.3188402,0.9999994602480042
2939,Cl2 -5,Cl2 -5,0.28026977,0.9999943494231224
2939,Cl2 -5,Cl2 -5,0.36594427,0.9999996122226642
2939,Cl2 -5,Cl2 -5,0.27722642,0.9999979723852951
2939,Cl2 -5,Cl2 -5,0.2923752,0.9999966140051788
2939,Cl2 -5,Cl2 -5,0.30863568,0.99999380463547
2939,Cl2 -5,Cl2 -5,0.3118433,0.9999996162858622
2939,Cl2 -5,Cl2 -5,0.31242603,0.9999996339291616
2939,Cl2 -5,Cl2 -5,0.3410097,0.9999496656795775
2939,Cl2 -5,Cl2 -5,0.2963462,0.9999989832346705
2939,Cl2 -5,Cl2 -5,0.20746008,0.9999995029024322
2939,Cl2 -5,Cl2 -5,0.25959557,0.9999995427036465
2939,Cl2 -5,Cl2 -5,0.4402476,0.999998373637517
2939,Cl2 -5,Cl2 -5,0.5174219,0.9999925702152641
2939,Cl2 -5,Cl2 -5,0.7559497,0.9999945709059551
2939,Cl2 -5,Cl2 -5,0.7195135,0.9999854276756619
2939,Cl2 -5,Cl2 -5,0.7164909,0.9999948732984973
2939,Cl2 -5,Cl2 -5,0.6268387,0.9999968905550884
2939,Cl2 -5,Cl2 -5,0.7816619,0.9999933827320371
2939,Cl2 -5,Cl2 -5,1.0156932,0.9999584567310155
2939,Cl2 -5,Cl2 -5,0.9381255,0.9999917163143384
2939,Cl2 -5,Cl2 -5,0.85938126,0.99992219086996
2939,Cl2 -5,Cl2 -5,0.46667436,0.9999978654411794
2939,Cl2 -5,Cl2 -5,0.5059964,0.9999985196967193
2939,Cl2 -5,Cl2 -5,0.44160697,0.9999985502983131
2939,Cl2 -5,Cl2 -5,0.4064799,0.999999371451083
2939,Cl2 -5,Cl2 -5,0.525738,0.9999992541182358
2939,Cl2 -5,Cl2 -5,0.43551195,0.999999513401527
2939,Cl2 -5,Cl2 -5,0.44789848,0.9999988976166807
2939,Cl2 -5,Cl2 -5,0.2629645,0.999998642772729
2939,Cl2 -5,Cl2 -5,0.5207326,0.9999993501449886
2939,Cl2 -5,Cl2 -5,0.49412268,0.9999991173458457
2939,Cl2 -5,Cl2 -5,0.5053943,0.9999990951049552
2939,Cl2 -5,Cl2 -5,0.51231056,0.9999992814466666
2939,Cl2 -5,Cl2 -5,0.5337999,0.9999993630329216
2939,Cl2 -5,Cl2 -5,0.5401869,0.9999950357142162
2940,He Chuck,He Chuck,0.25135222,0.9999996944957507
2940,He Chuck,He Chuck,0.2497942,0.9999982038631408
2940,He Chuck,He Chuck,0.30012536,0.999996523075485
2940,He Chuck,He Chuck,0.26816657,0.9999993440964113
2940,He Chuck,He Chuck,0.3186348,0.9999994910104687
2940,He Chuck,He Chuck,0.28329846,0.9999979280357785
2940,He Chuck,He Chuck,0.3154995,0.9999995246802572
2940,He Chuck,He Chuck,0.318891,0.999998937554678
2940,He Chuck,He Chuck,0.34378895,0.9999713726773245
2940,He Chuck,He Chuck,0.2651932,0.9999996524253993
2940,He Chuck,He Chuck,0.2715463,0.9999992301691523
2940,He Chuck,He Chuck,0.30506456,0.9999994828246314
2940,He Chuck,He Chuck,0.18211502,0.9999979388525368
2940,He Chuck,He Chuck,0.29293555,0.9999990218997395
2940,He Chuck,He Chuck,0.3247978,0.9999974875294548
2940,He Chuck,He Chuck,0.4828568,0.9999982570183643
2940,He Chuck,He Chuck,0.87453645,0.9999888058874498
2940,He Chuck,He Chuck,0.6149324,0.9999991347678338
2940,He Chuck,He Chuck,0.50732493,0.9999962748286733
2940,He Chuck,He Chuck,0.61493754,0.9999952368488024
2940,He Chuck,He Chuck,0.76338476,0.9999941388835644
2940,He Chuck,He Chuck,0.89260566,0.9999988068081975
2940,He Chuck,He Chuck,0.8722212,0.999995218023818
2940,He Chuck,He Chuck,1.1174287,0.9999948211775829
2940,He Chuck,He Chuck,0.4974137,0.9999992827367419
2940,He Chuck,He Chuck,0.5233786,0.9999977254949413
2940,He Chuck,He Chuck,0.4393069,0.9999993014216999
2940,He Chuck,He Chuck,0.44226223,0.999998837522911
2940,He Chuck,He Chuck,0.4479987,0.9999988015257145
2940,He Chuck,He Chuck,0.5033749,0.9999978465730309
2940,He Chuck,He Chuck,0.29080388,0.9999991128392437
2940,He Chuck,He Chuck,0.4469476,0.9999984907603597
2940,He Chuck,He Chuck,0.43718794,0.999991626336753
2940,He Chuck,He Chuck,0.41755232,0.9999988501664231
2940,He Chuck,He Chuck,0.42683956,0.9999980369405965
2940,He Chuck,He Chuck,0.43275487,0.9999992344143737
2940,He Chuck,He Chuck,0.42162177,0.9999984338137959
2940,He Chuck,He Chuck,0.45646843,0.9999973756480655
2941,Normal,He Chuck,0.23659533,0.9935582672669743
2941,Normal,He Chuck,0.27778122,0.9971470987004992
2941,Normal,He Chuck,0.33922037,0.9837423276559463
2941,Normal,He Chuck,0.29266834,0.9872481786731322
2941,Normal,Normal,0.38129854,0.8164099366826473
2941,Normal,He Chuck,0.31181192,0.9954982475040686
2941,Normal,He Chuck,0.3145906,0.9761787328424283
2941,Normal,He Chuck,0.30826288,0.5863755239870457
2941,Normal,He Chuck,0.30586186,0.9992595361845881
2941,Normal,He Chuck,0.28254947,0.9993858360397405
2941,Normal,He Chuck,0.30734172,0.9916949169211349
2941,Normal,He Chuck,0.25718084,0.9906724459673643
2941,Normal,He Chuck,0.23404461,0.9990130863630744
2941,Normal,He Chuck,0.37473008,0.9921926910967223
2941,Normal,He Chuck,0.5599391,0.9851693696144815
2941,Normal,He Chuck,0.7613116,0.9982210663516473
2941,Normal,He Chuck,0.689701,0.9928228819260638
2941,Normal,He Chuck,0.76505685,0.9970427955217754
2941,Normal,He Chuck,0.59757584,0.8581548769834498
2941,Normal,He Chuck,0.7138165,0.9666592339594523
2941,Normal,He Chuck,0.74813056,0.7193240647527922
2941,Normal,He Chuck,0.83917546,0.9039235677821124
2941,Normal,He Chuck,0.8410427,0.49274223070541223
2941,Normal,Normal,0.5634373,0.5195015243980042
2941,Normal,He Chuck,0.5013595,0.9610686023236601
2941,Normal,He Chuck,0.470978,0.9776456981466789
2941,Normal,He Chuck,0.5043047,0.9944261662665386
2941,Normal,He Chuck,0.4799765,0.901468628665604
2941,Normal,He Chuck,0.5105635,0.972150797625594
2941,Normal,He Chuck,0.3429164,0.5796932264924982
2941,Normal,He Chuck,0.4101458,0.6255365036080388
2941,Normal,He Chuck,0.40798983,0.8507747204900431
2941,Normal,He Chuck,0.41870573,0.3751778211213872
2941,Normal,TCP +10,0.42408973,0.7274331489332349
2941,Normal,He Chuck,0.45031178,0.8144054394213782
2941,Normal,He Chuck,0.4416526,0.6806699444120272
2941,Normal,TCP +10,0.41052634,0.6386725850467511
2941,Normal,Pr -2,0.41312507,0.32271014126266984
2942,Normal,He Chuck,0.24597338,0.6272267070653098
2942,Normal,He Chuck,0.33847064,0.9997588567133029
2942,Normal,He Chuck,0.2321609,0.987925241289783
2942,Normal,He Chuck,0.28521463,0.993097916821139
2942,Normal,He Chuck,0.25989288,0.5489028362114212
2942,Normal,He Chuck,0.29174367,0.9783310687712783
2942,Normal,He Chuck,0.30590513,0.9983382033399957
2942,Normal,He Chuck,0.36272907,0.9837132571788515
2942,Normal,He Chuck,0.2992433,0.9932471648046699
2942,Normal,He Chuck,0.31201375,0.9916186623485319
2942,Normal,He Chuck,0.41411632,0.9993353545646977
2942,Normal,He Chuck,0.24238566,0.9977189732065632
2942,Normal,He Chuck,0.35471532,0.9919712728710353
2942,Normal,He Chuck,0.35006887,0.976239784884283
2942,Normal,He Chuck,0.45666087,0.5364824676989284
2942,Normal,He Chuck,0.6724134,0.9910660173455631
2942,Normal,He Chuck,0.78493345,0.999952722177913
2942,Normal,He Chuck,0.6230043,0.9451056317541544
2942,Normal,He Chuck,0.5159682,0.997688195471617
2942,Normal,He Chuck,0.5870268,0.984597967729982
2942,Normal,Normal,0.7205593,0.982437651152892
2942,Normal,Normal,0.8480736,0.7551785133294491
2942,Normal,Normal,0.7923697,0.987416825559047
2942,Normal,He Chuck,0.7104038,0.9874563842231944
2942,Normal,He Chuck,0.51042104,0.6364914315894636
2942,Normal,He Chuck,0.44316778,0.9393145345044863
2942,Normal,He Chuck,0.48833585,0.9261252903583095
2942,Normal,He Chuck,0.48675984,0.960686461264308
2942,Normal,He Chuck,0.56433916,0.9742957481822802
2942,Normal,Normal,0.37376705,0.6638150838460326
2942,Normal,He Chuck,0.4301549,0.7770827199727629
2942,Normal,He Chuck,0.42145124,0.8333734345087133
2942,Normal,He Chuck,0.4286718,0.8454377642782317
2942,Normal,He Chuck,0.42508695,0.7449934517512719
2942,Normal,TCP +10,0.40788454,0.7093474591562654
2942,Normal,He Chuck,0.39307,0.6841775605311456
2942,Normal,He Chuck,0.39625025,0.7242986005404679
2942,Normal,He Chuck,0.44853204,0.5739166120809169
2943,Normal,He Chuck,0.29138187,0.819258454825752
2943,Normal,He Chuck,0.30636534,0.9912915556532278
2943,Normal,He Chuck,0.4820294,0.9398175236775075
2943,Normal,He Chuck,0.3916532,0.5571888711956038
2943,Normal,He Chuck,0.28864762,0.9756414239561805
2943,Normal,He Chuck,0.37405437,0.9722000118672499
2943,Normal,He Chuck,0.27754876,0.9835802218414486
2943,Normal,He Chuck,0.3086386,0.9948056056857079
2943,Normal,He Chuck,0.3545124,0.9365169583739154
2943,Normal,He Chuck,0.33345017,0.9447936090476503
2943,Normal,He Chuck,0.3297132,0.9801201180942228
2943,Normal,Normal,0.2922091,0.7565004265207783
2943,Normal,Normal,0.32282603,0.7947257761093294
2943,Normal,Normal,0.45546052,0.32969598985100873
2943,Normal,He Chuck,0.5325369,0.948091680865845
2943,Normal,He Chuck,0.6775067,0.9870056887324341
2943,Normal,He Chuck,0.73637426,0.9980864060003862
2943,Normal,He Chuck,0.7608285,0.9968684664767784
2943,Normal,He Chuck,0.720023,0.9824941592562796
2943,Normal,He Chuck,0.6995974,0.9869325476370521
2943,Normal,He Chuck,0.8299955,0.9924488950042599
2943,Normal,He Chuck,1.0081997,0.9901635276407921
2943,Normal,He Chuck,0.9705717,0.981497608920126
2943,Normal,He Chuck,0.80838203,0.9408670879342269
2943,Normal,He Chuck,0.6087796,0.7809261164694525
2943,Normal,He Chuck,0.5172805,0.760517169089427
2943,Normal,He Chuck,0.5426824,0.8978459554463678
2943,Normal,He Chuck,0.6097517,0.9422344874451485
2943,Normal,He Chuck,0.54801387,0.9720228413485842
2943,Normal,He Chuck,0.4429587,0.8786286741552964
2943,Normal,He Chuck,0.41896078,0.954758200640568
2943,Normal,He Chuck,0.42332974,0.45370526924961935
2943,Normal,Normal,0.38959605,0.4078705539485382
2943,Normal,He Chuck,0.39437312,0.38478396545403026
2943,Normal,He Chuck,0.41239697,0.4500206313893625
2943,Normal,He Chuck,0.4193193,0.40448519456790033
2943,Normal,He Chuck,0.40819314,0.6339063056322864
2943,Normal,He Chuck,0.48779303,0.6299765384018514
3101,Normal,BCl3 -5,0.51463467,0.9995645004838044
3101,Normal,BCl3 -5,0.5147309,0.9985529438620498
3101,Normal,BCl3 -5,0.5271281,0.9994769517156604
3101,Normal,BCl3 -5,0.59050363,0.9995752487745622
3101,Normal,BCl3 -5,0.62784225,0.9994476747079178
3101,Normal,BCl3 -5,0.5425628,0.9990048137648089
3101,Normal,BCl3 -5,0.5843037,0.9991439225075569
3101,Normal,BCl3 -5,0.6714855,0.999951112153701
3101,Normal,BCl3 -5,0.5679618,0.9994818866352686
3101,Normal,BCl3 -5,0.688877,0.9997637153303365
3101,Normal,BCl3 -5,0.6300974,0.9989733917218329
3101,Normal,BCl3 -5,0.56376964,0.9991363949837306
3101,Normal,BCl3 -5,0.5464492,0.9993728782844046
3101,Normal,Normal,0.5433204,0.9983269983627605
3101,Normal,BCl3 -5,0.45568022,0.9696209525407339
3101,Normal,Normal,0.82788247,0.9992584163015011
3101,Normal,UNKNOWN FAULT,1.0761347,0.9986489825382192
3101,Normal,UNKNOWN FAULT,0.9344279,0.9931660658053532
3101,Normal,Normal,0.86633354,0.9955298335699747
3101,Normal,Normal,0.7558515,0.9679771969217238
3101,Normal,BCl3 -5,0.984381,0.9800672695910088
3101,Normal,UNKNOWN FAULT,1.2423195,0.8618849723660436
3101,Normal,UNKNOWN FAULT,1.1070601,0.7793489646049251
3101,Normal,BCl3 -5,0.65961665,0.7405060742239628
3101,Normal,BCl3 -5,0.6206212,0.9857805400996213
3101,Normal,BCl3 -5,0.6588624,0.985859783592611
3101,Normal,Normal,0.5836532,0.9990566691067071
3101,Normal,BCl3 -5,0.6858797,0.9845288134064301
3101,Normal,BCl3 -5,0.7773884,0.9974792736790239
3101,Normal,BCl3 -5,0.6657005,0.9989782206304808
3101,Normal,BCl3 -5,0.6931989,0.999720673647965
3101,Normal,BCl3 -5,0.73579484,0.9975287935128891
3101,Normal,BCl3 -5,0.6484504,0.9957163609980444
3101,Normal,BCl3 -5,0.43075475,0.999951723444303
3101,Normal,BCl3 -5,0.43358618,0.9999046061104908
3101,Normal,BCl3 -5,0.42933038,0.9999186411340473
3101,Normal,BCl3 -5,0.43272966,0.9999339514686079
3101,Normal,BCl3 -5,0.45405498,0.9999017809190361
3102,Normal,BCl3 -5,0.37243956,0.9979131327412492
3102,Normal,BCl3 -5,0.5121955,0.9998987268334998
3102,Normal,BCl3 -5,0.49796963,0.9993225951773126
3102,Normal,BCl3 -5,0.58625877,0.9995501636906102
3102,Normal,BCl3 -5,0.47949302,0.999603134925534
3102,Normal,BCl3 -5,0.62354714,0.9984626028309939
3102,Normal,BCl3 -5,0.50252783,0.9994945132138998
3102,Normal,BCl3 -5,0.5628084,0.9991429441474776
3102,Normal,BCl3 -5,0.5575868,0.9980795251710861
3102,Normal,BCl3 -5,0.56221366,0.9968938637719428
3102,Normal,BCl3 -5,0.5696056,0.9990709997615044
3102,Normal,BCl3 -5,0.5052297,0.9992694830317972
3102,Normal,BCl3 -5,0.4751166,0.9995609836142088
3102,Normal,BCl3 -5,0.28628427,0.9977508699451002
3102,Normal,BCl3 -5,0.52935714,0.9774488007434557
3102,Normal,BCl3 -5,0.6397548,0.8659071080180091
3102,Normal,BCl3 -5,0.75911796,0.9792439486537476
3102,Normal,BCl3 -5,0.83389306,0.8733389527481393
3102,Normal,UNKNOWN FAULT,0.90438604,0.5653085304019679
3102,Normal,BCl3 -5,0.7028334,0.9514996244473058
3102,Normal,BCl3 -5,1.2564799,0.8903371210475525
3102,Normal,BCl3 -5,1.1425223,0.9699708608341482
3102,Normal,UNKNOWN FAULT,1.0482556,0.8631941378474869
3102,Normal,BCl3 -5,0.83067036,0.9497972137786882
3102,Normal,BCl3 -5,0.64226115,0.985999757295067
3102,Normal,BCl3 -5,0.6106361,0.9998224794644831
3102,Normal,BCl3 -5,0.67444617,0.9980543262569076
3102,Normal,BCl3 -5,0.67954487,0.9985733929266862
3102,Normal,BCl3 -5,0.6753348,0.9995154986281677
3102,Normal,BCl3 -5,0.683012,0.99951274017762
3102,Normal,BCl3 -5,0.68839455,0.9984784366561397
3102,Normal,BCl3 -5,0.56977165,0.9989722418824565
3102,Normal,BCl3 -5,0.36272252,0.9999298766936275
3102,Normal,BCl3 -5,0.4121758,0.9991867280979458
3102,Normal,BCl3 -5,0.41442856,0.9999808374096731
3102,Normal,BCl3 -5,0.40780532,0.9999147151511419
3102,Normal,BCl3 -5,0.41315356,0.999919911190854
3102,Normal,BCl3 -5,0.45409095,0.9999658015930547
3103,Normal,Cl2 +5,0.39805034,0.9998592215356344
3103,Normal,Cl2 +5,0.48512635,0.997536791518236
3103,Normal,Cl2 +5,0.58570725,0.995918936417431
3103,Normal,Cl2 +5,0.5760696,0.9985527711520114
3103,Normal,Cl2 +5,0.53828925,0.9980738747127025
3103,Normal,Cl2 +5,0.56935114,0.9890889471422657
3103,Normal,Cl2 +5,0.590403,0.9853274752954182
3103,Normal,Cl2 +5,0.65941447,0.9408083933424757
3103,Normal,Cl2 +5,0.6643734,0.9945326873562405
3103,Normal,Cl2 +5,0.5582649,0.9981649457409528
3103,Normal,Cl2 +5,0.51504713,0.9675068349253924
3103,Normal,Cl2 +5,0.545306,0.9891113451164368
3103,Normal,Cl2 +5,0.54302055,0.9928242964815561
3103,Normal,Cl2 +5,0.37486547,0.9721222577244458
3103,Normal,Cl2 +5,0.56985146,0.9911708186202197
3103,Normal,Cl2 +5,0.7275026,0.9804997953726987
3103,Normal,Cl2 +5,0.94948363,0.7698774244791919
3103,Normal,Cl2 +5,0.81374246,0.8569265972433353
3103,Normal,Cl2 +5,0.8912718,0.9040496042004245
3103,Normal,Cl2 +5,0.6806553,0.9972387516829739
3103,Normal,Cl2 +5,1.1641855,0.9965772012140388
3103,Normal,Cl2 +5,1.3044696,0.9799840695394121
3103,Normal,Cl2 +5,1.0193746,0.9967704031575644
3103,Normal,Cl2 +5,0.60024613,0.994431497878087
3103,Normal,Cl2 +5,0.68224066,0.9911523154769143
3103,Normal,UNKNOWN FAULT,1.1127238,0.9990125426911746
3103,Normal,Normal,0.6372801,0.9994278464652293
3103,Normal,Cl2 +5,0.7601935,0.9700134187503039
3103,Normal,Cl2 +5,0.5995571,0.9994606392888227
3103,Normal,Cl2 +5,0.62238014,0.9962439558745783
3103,Normal,Cl2 +5,0.5967189,0.9965729792308454
3103,Normal,Cl2 +5,0.74321073,0.9929982284577162
3103,Normal,Cl2 +5,0.40500748,0.9997997978279217
3103,Normal,Cl2 +5,0.4123868,0.9969977191235008
3103,Normal,Cl2 +5,0.3838517,0.999797470692579
3103,Normal,Cl2 +5,0.3884464,0.9992474193388355
3103,Normal,Cl2 +5,0.38991147,0.9980518866652283
3103,Normal,Cl2 +5,0.4278681,0.9995985033795378
3104,Normal,Cl2 +5,0.4175164,0.9871683284675661
3104,Normal,Cl2 +5,0.45950174,0.9864653286490076
3104,Normal,Cl2 +5,0.56108594,0.979265025069406
3104,Normal,Cl2 +5,0.5973587,0.99461376033847
3104,Normal,Cl2 +5,0.5916206,0.9807282770743609
3104,Normal,Cl2 +5,0.5662777,0.9934899899520281
3104,Normal,Cl2 +5,0.5354464,0.9867017909956077
3104,Normal,Cl2 +5,0.6686322,0.9853114060800672
3104,Normal,Cl2 +5,0.6106217,0.9935976309985636
3104,Normal,Cl2 +5,0.58057314,0.9730595002645687
3104,Normal,Cl2 +5,0.5240454,0.9469110243527946
3104,Normal,Cl2 +5,0.5872436,0.9982757052387227
3104,Normal,Cl2 +5,0.45730194,0.9981009258252583
3104,Normal,Cl2 +5,0.28845996,0.990174472843423
3104,Normal,Cl2 +5,0.4612061,0.9735843995329082
3104,Normal,Cl2 +5,0.71266,0.9657896922861494
3104,Normal,Cl2 +5,0.93224186,0.9920452182072269
3104,Normal,Cl2 +5,0.86802924,0.8317005407250522
3104,Normal,Cl2 +5,0.71719974,0.9991177156146231
3104,Normal,Cl2 +5,0.6170969,0.9992141617015172
3104,Normal,Cl2 +5,0.9424311,0.9908362915332205
3104,Normal,Cl2 +5,1.1414142,0.9932328073477404
3104,Normal,Cl2 +5,0.91913635,0.9991432688107962
3104,Normal,Cl2 +5,0.7456812,0.9893061110550088
3104,Normal,Cl2 +5,0.609027,0.9840318377415304
3104,Normal,Cl2 +5,0.62575054,0.9984320662684193
3104,Normal,Cl2 +5,0.5927277,0.9996941313168909
3104,Normal,Cl2 +5,0.6136745,0.9852217244150936
3104,Normal,Cl2 +5,0.6052531,0.9979802196900281
3104,Normal,Cl2 +5,0.7286498,0.9992643542342852
3104,Normal,Cl2 +5,0.62239003,0.9900526805115641
3104,Normal,Cl2 +5,0.30034348,0.9971228410130664
3104,Normal,Cl2 +5,0.40591276,0.9992386862521789
3104,Normal,Cl2 +5,0.40469402,0.999506656777594
3104,Normal,Cl2 +5,0.3944837,0.9669653496701234
3104,Normal,Cl2 +5,0.40590835,0.9691728503880639
3104,Normal,Cl2 +5,0.38707104,0.9976607941736083
3104,Normal,Cl2 +5,0.46333158,0.9998151957832335
3105,Normal,Cl2 +5,0.39406562,0.9961569011847947
3105,Normal,Cl2 +5,0.47634795,0.7939492609585295
3105,Normal,Cl2 +5,0.50308776,0.9871339234321853
3105,Normal,Cl2 +5,0.5791595,0.7718284124599162
3105,Normal,Cl2 +5,0.5011133,0.9994569475692147
3105,Normal,Cl2 +5,0.59127474,0.9851990819389833
3105,Normal,Cl2 +5,0.56786823,0.994721508143915
3105,Normal,Cl2 +5,0.5627008,0.9980371973082167
3105,Normal,Cl2 +5,0.5952503,0.9971636611527688
3105,Normal,Cl2 +5,0.6329542,0.9967298423403427
3105,Normal,Cl2 +5,0.54360664,0.998713562684563
3105,Normal,Cl2 +5,0.5824234,0.9981350057287768
3105,Normal,Cl2 +5,0.467418,0.9363691026986073
3105,Normal,Cl2 +5,0.38821867,0.9869330200346915
3105,Normal,Cl2 +5,0.59901345,0.9809864957912937
3105,Normal,Cl2 +5,0.7844243,0.9355422171609584
3105,Normal,Cl2 +5,0.93445957,0.9360363437170326
3105,Normal,Cl2 +5,0.6848846,0.9887702468061462
3105,Normal,Cl2 +5,0.62979686,0.9783216900211533
3105,Normal,Cl2 +5,0.66814715,0.9677886192142353
3105,Normal,Cl2 +5,1.0061278,0.9925979116263605
3105,Normal,Cl2 +5,1.1837685,0.9803845549013703
3105,Normal,Cl2 +5,0.81522334,0.9974707973124369
3105,Normal,Cl2 +5,0.6596627,0.9897375745482155
3105,Normal,Cl2 +5,0.7158321,0.9931544461114596
3105,Normal,Cl2 +5,0.6500946,0.9996738933493925
3105,Normal,Cl2 +5,0.7368033,0.9596516323103459
3105,Normal,Cl2 +5,0.6852436,0.9952934673463688
3105,Normal,Cl2 +5,0.6403094,0.999657074124515
3105,Normal,Cl2 +5,0.85565335,0.9361469078815451
3105,Normal,Cl2 +5,0.6774581,0.9975678383662927
3105,Normal,Cl2 +5,0.27735758,0.9916708776545825
3105,Normal,Cl2 +5,0.4238739,0.9990597002532347
3105,Normal,Cl2 +5,0.39698547,0.9994953131721925
3105,Normal,Cl2 +5,0.38929808,0.999427844615653
3105,Normal,Cl2 +5,0.39025083,0.9884575667125499
3105,Normal,Cl2 +5,0.40673313,0.9992806310020602
3105,Normal,Cl2 +5,0.4320695,0.9992010815119974
3106,Normal,Cl2 +5,0.42699155,0.9482981645041455
3106,Normal,Cl2 +5,0.4872508,0.9524129490243896
3106,Normal,Cl2 +5,0.6141225,0.9957037365432695
3106,Normal,Cl2 +5,0.5419839,0.9992096960620898
3106,Normal,Cl2 +5,0.6052255,0.9986438107458537
3106,Normal,Cl2 +5,0.5048416,0.9996884628638899
3106,Normal,Cl2 +5,0.52026176,0.9845325032620045
3106,Normal,Cl2 +5,0.5851965,0.9957340518823303
3106,Normal,Cl2 +5,0.5431315,0.953319874445531
3106,Normal,Cl2 +5,0.5988142,0.928200630300209
3106,Normal,Cl2 +5,0.51996803,0.9912012327122999
3106,Normal,Cl2 +5,0.538063,0.9991474110432443
3106,Normal,Cl2 +5,0.34885153,0.9861242950511526
3106,Normal,Cl2 +5,0.3411689,0.9700302334942598
3106,Normal,Cl2 +5,0.49405578,0.8695783494886516
3106,Normal,Cl2 +5,0.6177361,0.982914918562234
3106,Normal,Cl2 +5,0.9213648,0.7589170577847556
3106,Normal,Cl2 +5,0.80695736,0.995468782042685
3106,Normal,Cl2 +5,0.6881357,0.9041850487613026
3106,Normal,Cl2 +5,0.7567512,0.8087628113964608
3106,Normal,Cl2 +5,1.0591935,0.9769562098302548
3106,Normal,Cl2 +5,1.14237,0.9975790329077351
3106,Normal,Cl2 +5,0.8174933,0.9824995997664262
3106,Normal,Cl2 +5,0.6234588,0.8308571889902624
3106,Normal,Cl2 +5,0.65824056,0.9922004193819594
3106,Normal,Cl2 +5,0.7053306,0.8795491920093653
3106,Normal,Cl2 +5,0.66015494,0.7275327803095468
3106,Normal,Normal,0.7968457,0.9993802714895571
3106,Normal,Cl2 +5,0.65767795,0.9041103969418933
3106,Normal,Cl2 +5,0.73897046,0.7777165008856775
3106,Normal,Cl2 +5,0.7061141,0.5788440822663936
3106,Normal,Normal,0.30653176,0.9962691540839027
3106,Normal,Cl2 +5,0.42150855,0.8925354996240298
3106,Normal,Cl2 +5,0.39539272,0.7604496869493119
3106,Normal,Normal,0.455093,0.9978285160159531
3106,Normal,Cl2 +5,0.38820106,0.7119767688808366
3106,Normal,Cl2 +5,0.3797632,0.8163970717743153
3106,Normal,Cl2 +5,0.4493172,0.9913393142490866
3107,Normal,Cl2 +5,0.469097,0.999037234937093
3107,Normal,Cl2 +5,0.45852804,0.9858074337551138
3107,Normal,Cl2 +5,0.5957874,0.9536717404308999
3107,Normal,Cl2 +5,0.6666914,0.9558921699271561
3107,Normal,Cl2 +5,0.6143985,0.9958866527887625
3107,Normal,Cl2 +5,0.59412277,0.9768692762331749
3107,Normal,Cl2 +5,0.60885215,0.9963315597203924
3107,Normal,Cl2 +5,0.60249966,0.9704886970406174
3107,Normal,Cl2 +5,0.55259055,0.9879326712340174
3107,Normal,Cl2 +5,0.6087099,0.9762103983069814
3107,Normal,Cl2 +5,0.5765635,0.9885045833331312
3107,Normal,Cl2 +5,0.5038531,0.9772002808627532
3107,Normal,Cl2 +5,0.38250235,0.9898969843421705
3107,Normal,Cl2 +5,0.5456316,0.9911148556004764
3107,Normal,Cl2 +5,0.60586864,0.9822861048861711
3107,Normal,Cl2 +5,0.83657545,0.9522717687405234
3107,Normal,Cl2 +5,0.8830003,0.8181890797323612
3107,Normal,Cl2 +5,0.75105166,0.9662940268312061
3107,Normal,Cl2 +5,0.7253184,0.9033124141274216
3107,Normal,Cl2 +5,0.9866091,0.9924939592837219
3107,Normal,Cl2 +5,1.0297973,0.9985891794129689
3107,Normal,Cl2 +5,1.072081,0.9142951543678947
3107,Normal,Cl2 +5,1.2401179,0.8565942143670437
3107,Normal,Cl2 +5,0.7017836,0.9739525807737102
3107,Normal,Cl2 +5,0.6389149,0.9789605562318551
3107,Normal,Cl2 +5,0.6050452,0.9991980899034719
3107,Normal,Cl2 +5,0.7158076,0.9991024404191968
3107,Normal,Cl2 +5,0.6668902,0.9995394536435543
3107,Normal,Cl2 +5,0.64965016,0.9975422339749066
3107,Normal,Cl2 +5,0.7374609,0.9956256277140915
3107,Normal,Normal,0.20066771,0.6033633163693571
3107,Normal,Cl2 +5,0.4274282,0.9988739683412463
3107,Normal,Cl2 +5,0.42385972,0.9985725167297234
3107,Normal,Cl2 +5,0.39508697,0.9981888481821151
3107,Normal,Cl2 +5,0.39762414,0.9985219367016134
3107,Normal,Cl2 +5,0.3917389,0.9995488468705687
3107,Normal,Cl2 +5,0.40840784,0.99920906738108
3107,Normal,Cl2 +5,0.46136633,0.9972816272841545
3108,Normal,Cl2 +5,0.45036465,0.9760192984860057
3108,Normal,Cl2 +5,0.53563607,0.9935195920725425
3108,Normal,Cl2 +5,0.5911849,0.9983270925146823
3108,Normal,Cl2 +5,0.56286347,0.8807179938694608
3108,Normal,Cl2 +5,0.905383,0.9871912548936099
3108,Normal,Cl2 +5,0.5858097,0.9931870717493946
3108,Normal,Cl2 +5,0.5541552,0.9988475057485814
3108,Normal,Cl2 +5,0.53621244,0.9987781385521536
3108,Normal,Cl2 +5,0.6002458,0.9855011827271233
3108,Normal,Cl2 +5,0.6363362,0.9952238011342258
3108,Normal,Cl2 +5,0.61039704,0.9972502885327491
3108,Normal,Cl2 +5,0.6168756,0.9876914881521118
3108,Normal,Cl2 +5,0.30506614,0.9825137577162887
3108,Normal,Cl2 +5,0.32010627,0.9928781216608975
3108,Normal,Cl2 +5,0.5066482,0.9804962063741369
3108,Normal,Cl2 +5,0.69507873,0.9807264029304638
3108,Normal,Cl2 +5,0.7974969,0.995291825182773
3108,Normal,Cl2 +5,0.7646746,0.4689352919979963
3108,Normal,Cl2 +5,0.7502031,0.7636319796596298
3108,Normal,Cl2 +5,0.6986318,0.9964464746619577
3108,Normal,Cl2 +5,0.96780384,0.998881978511823
3108,Normal,Cl2 +5,1.0951319,0.994089881206518
3108,Normal,Cl2 +5,1.1849486,0.999139734951745
3108,Normal,Cl2 +5,0.7696011,0.9964840605015673
3108,Normal,Cl2 +5,0.7273455,0.7610084354224111
3108,Normal,Cl2 +5,0.699625,0.9983551410401987
3108,Normal,Cl2 +5,0.7907198,0.9967159212982252
3108,Normal,Cl2 +5,0.72060627,0.9924754482814522
3108,Normal,Cl2 +5,0.6899831,0.9969560209068721
3108,Normal,Cl2 +5,0.7084876,0.9915561507981683
3108,Normal,Cl2 +5,0.6416386,0.9950145579973815
3108,Normal,Cl2 +5,0.38093263,0.9975733454248905
3108,Normal,Cl2 +5,0.37556762,0.9977759799182464
3108,Normal,Cl2 +5,0.4173184,0.9999173221163722
3108,Normal,Cl2 +5,0.40127468,0.9980273189052427
3108,Normal,Cl2 +5,0.3880826,0.9999418161299164
3108,Normal,Cl2 +5,0.40603638,0.9999730796994497
3108,Normal,Cl2 +5,0.45829877,0.9994480779615716
3109,Normal,Cl2 +5,0.4209499,0.9940250716647597
3109,Normal,Cl2 +5,0.43544513,0.9991834263565006
3109,Normal,Cl2 +5,0.534364,0.9799856633863883
3109,Normal,Cl2 +5,0.5340223,0.9806995368554785
3109,Normal,Cl2 +5,0.5433593,0.9993191023723965
3109,Normal,Cl2 +5,0.5974785,0.9997817118828226
3109,Normal,Cl2 +5,0.61356395,0.9993661183982411
3109,Normal,Cl2 +5,0.51368034,0.9992051086717788
3109,Normal,Cl2 +5,0.54715824,0.9227226614562507
3109,Normal,Cl2 +5,0.5366794,0.9971591060016105
3109,Normal,Cl2 +5,0.63226044,0.9956635446293722
3109,Normal,Cl2 +5,0.48291552,0.9814471469522812
3109,Normal,Cl2 +5,0.30630547,0.99433668574735
3109,Normal,Cl2 +5,0.38909897,0.9966830294347319
3109,Normal,Cl2 +5,0.5786035,0.9963709074887251
3109,Normal,Cl2 +5,0.6985778,0.9899946958788997
3109,Normal,Cl2 +5,0.99753517,0.9988775798667532
3109,Normal,Cl2 +5,0.8047596,0.9653589799765269
3109,Normal,Cl2 +5,0.6897257,0.9984913032860843
3109,Normal,Cl2 +5,0.925125,0.9986110924645167
3109,Normal,Cl2 +5,1.0350456,0.9885921371451718
3109,Normal,Cl2 +5,1.0684881,0.9871349619903028
3109,Normal,Cl2 +5,1.1698611,0.99746523668704
3109,Normal,Cl2 +5,0.7158684,0.9831145825210665
3109,Normal,Cl2 +5,0.6668338,0.9992709944750414
3109,Normal,Cl2 +5,0.6434042,0.9975602731782847
3109,Normal,Cl2 +5,0.6926634,0.9997634762170926
3109,Normal,Cl2 +5,0.6503249,0.9989059094451244
3109,Normal,Cl2 +5,0.6232887,0.9968662896427207
3109,Normal,Cl2 +5,0.63634384,0.9990225101040109
3109,Normal,Cl2 +5,0.1928426,0.9947216453446173
3109,Normal,Cl2 +5,0.39102733,0.9982358874089314
3109,Normal,Cl2 +5,0.39767906,0.9998215848823007
3109,Normal,Cl2 +5,0.39328328,0.9998977211441344
3109,Normal,Cl2 +5,0.3822419,0.9994929547803447
3109,Normal,Cl2 +5,0.38944733,0.9990523644610598
3109,Normal,Cl2 +5,0.39225772,0.9994702663673142
3109,Normal,Cl2 +5,0.42171618,0.9954734874389641
3110,Normal,Cl2 +5,0.35781595,0.9943649976163602
3110,Normal,Cl2 +5,0.43703616,0.9809201571416635
3110,Normal,Cl2 +5,0.523616,0.9884010340084856
3110,Normal,Cl2 +5,0.5535779,0.5339803484737231
3110,Normal,Cl2 +5,0.55274117,0.7020697610402152
3110,Normal,Cl2 +5,0.61774087,0.9824489163959975
3110,Normal,Cl2 +5,0.50818723,0.9927333613686616
3110,Normal,Cl2 +5,0.6699409,0.9126722896851609
3110,Normal,Cl2 +5,0.52555376,0.9877182093673041
3110,Normal,Cl2 +5,0.47984672,0.9874512781882966
3110,Normal,Cl2 +5,0.547895,0.9811733860635894
3110,Normal,Cl2 +5,0.46373588,0.9882825124139196
3110,Normal,Cl2 +5,0.23247862,0.9892105302844894
3110,Normal,Cl2 +5,0.42015123,0.9970055756413094
3110,Normal,Cl2 +5,0.506847,0.8238529567797674
3110,Normal,Cl2 +5,0.9848022,0.9996763780083261
3110,Normal,Cl2 +5,0.74869853,0.9945611022921304
3110,Normal,Cl2 +5,0.76278764,0.5565646656087322
3110,Normal,Cl2 +5,0.5779173,0.9729039010204686
3110,Normal,Cl2 +5,0.8797617,0.9803324734051585
3110,Normal,UNKNOWN FAULT,1.0162685,0.9948244746515864
3110,Normal,UNKNOWN FAULT,1.1960417,0.9809758258425484
3110,Normal,UNKNOWN FAULT,1.238551,0.8362208336001283
3110,Normal,Cl2 +5,0.7480419,0.9985026847965267
3110,Normal,Cl2 +5,0.6453541,0.9953004830623944
3110,Normal,Cl2 +5,0.6731367,0.9999843293313299
3110,Normal,Cl2 +5,0.6826416,0.9999602876524863
3110,Normal,Cl2 +5,0.66557467,0.9999396256768642
3110,Normal,Cl2 +5,0.6668505,0.9998773265605884
3110,Normal,Cl2 +5,0.701249,0.9998215265805667
3110,Normal,Cl2 +5,0.33906963,0.9999335119329337
3110,Normal,Cl2 +5,0.4287605,0.9996242521452638
3110,Normal,Cl2 +5,0.38751605,0.9999805974738192
3110,Normal,Cl2 +5,0.3907674,0.9997256215651804
3110,Normal,Cl2 +5,0.39136627,0.9999398826993755
3110,Normal,Cl2 +5,0.4043017,0.9999420374057881
3110,Normal,Cl2 +5,0.42533436,0.9999441738326106
3110,Normal,Cl2 +5,0.43016827,0.9998736354255418
3111,Normal,Cl2 +5,0.38514304,0.9842372318880103
3111,Normal,Cl2 +5,0.47150636,0.9990598601778757
3111,Normal,Cl2 +5,0.4785543,0.9578034995264123
3111,Normal,UNKNOWN FAULT,0.9260401,0.9985062162591344
3111,Normal,Cl2 +5,0.5939505,0.9927883528278703
3111,Normal,Cl2 +5,0.52675194,0.9984286668308308
3111,Normal,Cl2 +5,0.4928031,0.9918224857906627
3111,Normal,Cl2 +5,0.58025527,0.9994341281878072
3111,Normal,Cl2 +5,0.5627204,0.9971499910296534
3111,Normal,Cl2 +5,0.5723255,0.9991758055693599
3111,Normal,Cl2 +5,0.619121,0.9692808244343584
3111,Normal,Cl2 +5,0.5025391,0.992192153936934
3111,Normal,Cl2 +5,0.29307273,0.9933488694019149
3111,Normal,Cl2 +5,0.39478844,0.9928905672504769
3111,Normal,Cl2 +5,0.779817,0.9895736757587001
3111,Normal,Cl2 +5,0.68095696,0.9186148761175245
3111,Normal,Cl2 +5,0.74072534,0.9754888700075003
3111,Normal,Cl2 +5,0.85906684,0.95476581092332
3111,Normal,Cl2 +5,0.62351304,0.9979629990315622
3111,Normal,Cl2 +5,0.80899847,0.9996915371916273
3111,Normal,UNKNOWN FAULT,0.96331036,0.7593497370747946
3111,Normal,UNKNOWN FAULT,1.1073892,0.9807200608112209
3111,Normal,Cl2 +5,1.0650063,0.7621781709556071
3111,Normal,Cl2 +5,0.9651412,0.9529324204994981
3111,Normal,Cl2 +5,0.7568468,0.9995249126354303
3111,Normal,Cl2 +5,0.62616926,0.9961830313999726
3111,Normal,Cl2 +5,0.71426165,0.9996724239726912
3111,Normal,Cl2 +5,0.6792651,0.999671336838569
3111,Normal,Cl2 +5,0.69090945,0.99431122132434
3111,Normal,Cl2 +5,0.6807633,0.998770586895242
3111,Normal,Cl2 +5,0.67101336,0.9983073553719726
3111,Normal,Cl2 +5,0.39578974,0.9993515679138485
3111,Normal,Cl2 +5,0.38781482,0.9997722362439775
3111,Normal,Cl2 +5,0.39934784,0.9983657019981234
3111,Normal,Cl2 +5,0.3928581,0.9993717122688859
3111,Normal,Cl2 +5,0.3905766,0.9992860005583065
3111,Normal,Cl2 +5,0.38544926,0.9991659711160471
3111,Normal,Cl2 +5,0.42594913,0.9980268113073127
3112,Normal,Cl2 +5,0.36586294,0.9899954578339766
3112,Normal,Cl2 +5,0.5581208,0.990097430205878
3112,Normal,Cl2 +5,0.50215346,0.9980340264293814
3112,Normal,Cl2 +5,0.6758544,0.997292392646647
3112,Normal,Cl2 +5,0.5721919,0.9883090352599185
3112,Normal,Cl2 +5,0.6143144,0.9970394533649388
3112,Normal,Cl2 +5,0.5780313,0.9869557604356808
3112,Normal,Cl2 +5,0.51995456,0.9528315112738462
3112,Normal,Cl2 +5,0.61928046,0.91542266173437
3112,Normal,Cl2 +5,0.7206272,0.9976591247192167
3112,Normal,Cl2 +5,0.5808014,0.9986580870904312
3112,Normal,Cl2 +5,0.54240143,0.9963973388665122
3112,Normal,Cl2 +5,0.33431312,0.9943475893533051
3112,Normal,Cl2 +5,0.5243561,0.9888928027925203
3112,Normal,Cl2 +5,0.548213,0.9905520411774711
3112,Normal,Cl2 +5,0.86518174,0.9684050888905905
3112,Normal,Cl2 +5,0.6876703,0.9831557876663714
3112,Normal,Cl2 +5,0.6693469,0.9585382522498836
3112,Normal,Cl2 +5,0.574,0.9916540040641469
3112,Normal,Cl2 +5,0.9038472,0.9990358969618773
3112,Normal,Cl2 +5,1.2367877,0.9996917686858424
3112,Normal,Cl2 +5,1.1537443,0.9723644948893679
3112,Normal,Cl2 +5,1.2574534,0.9904482126754155
3112,Normal,Cl2 +5,0.70729536,0.9912827763401199
3112,Normal,Cl2 +5,0.6824716,0.9907818599501038
3112,Normal,Cl2 +5,0.64167696,0.9998855720552701
3112,Normal,Cl2 +5,0.67484677,0.9997602503000274
3112,Normal,Cl2 +5,0.66948897,0.9965582571559605
3112,Normal,Cl2 +5,0.73139423,0.9972314751372766
3112,Normal,Cl2 +5,0.65123236,0.9999287305109851
3112,Normal,Cl2 +5,0.1937566,0.9976896305766294
3112,Normal,Cl2 +5,0.38691497,0.9998612888049309
3112,Normal,Cl2 +5,0.3948286,0.9993786309621797
3112,Normal,Cl2 +5,0.41794482,0.9995451139856718
3112,Normal,Cl2 +5,0.401462,0.9998504974010688
3112,Normal,Cl2 +5,0.39852685,0.9998015341438862
3112,Normal,Cl2 +5,0.39133567,0.9995602078740281
3112,Normal,Cl2 +5,0.48112786,0.9974816857482512
3113,Normal,Cl2 +5,0.54796666,0.7183398529690412
3113,Normal,Cl2 +5,0.496729,0.9837260964739445
3113,Normal,Cl2 +5,0.68903846,0.8492436589483444
3113,Normal,Cl2 +5,0.49875796,0.9975890956552035
3113,Normal,Cl2 +5,0.5808667,0.9919826339458422
3113,Normal,Cl2 +5,0.64966166,0.9991727419870033
3113,Normal,Cl2 +5,0.5471175,0.9888383624930348
3113,Normal,Cl2 +5,0.69585806,0.974515866088091
3113,Normal,Cl2 +5,0.6200628,0.994512128596519
3113,Normal,Cl2 +5,0.5312237,0.9920283359649325
3113,Normal,Cl2 +5,0.58969694,0.8883224504992282
3113,Normal,Cl2 +5,0.5164943,0.9956668630415253
3113,Normal,Cl2 +5,0.29511988,0.9650241100302693
3113,Normal,Cl2 +5,0.3764252,0.9552686150858221
3113,Normal,Cl2 +5,0.5928553,0.9506439959580638
3113,Normal,Cl2 +5,0.70178115,0.9810354170334676
3113,Normal,Cl2 +5,0.7336465,0.9942589491445567
3113,Normal,UNKNOWN FAULT,1.204423,0.9886434110865632
3113,Normal,Cl2 +5,0.6636096,0.991096103760391
3113,Normal,Cl2 +5,0.8565465,0.9996342995978733
3113,Normal,Cl2 +5,1.1299636,0.9986520352197894
3113,Normal,Cl2 +5,1.1090745,0.9817055991695791
3113,Normal,Cl2 +5,1.3273414,0.9691121979554714
3113,Normal,Cl2 +5,1.0440992,0.9992123977325732
3113,Normal,Cl2 +5,0.77365315,0.9857048212841439
3113,Normal,Normal,0.70028114,0.9971486482368498
3113,Normal,Cl2 +5,0.7050095,0.993582855939344
3113,Normal,Cl2 +5,0.6587469,0.9994158918367588
3113,Normal,Cl2 +5,0.68000567,0.9997893852896662
3113,Normal,Cl2 +5,0.66758555,0.9976543839198291
3113,Normal,Cl2 +5,0.65768635,0.9989619736607023
3113,Normal,Cl2 +5,0.38999984,0.9999741174257402
3113,Normal,Cl2 +5,0.40495908,0.9999447039993888
3113,Normal,Cl2 +5,0.4501713,0.9999536155253315
3113,Normal,Cl2 +5,0.40615985,0.9997628468804081
3113,Normal,Cl2 +5,0.3998994,0.9997500986699391
3113,Normal,Cl2 +5,0.39059368,0.9993433357674107
3113,Normal,Cl2 +5,0.429023,0.9998193732629845
3114,Normal,Cl2 +5,0.41056916,0.9050387362219298
3114,Normal,Cl2 +5,0.5141621,0.9996984028361467
3114,Normal,Cl2 +5,0.634279,0.9990744905436876
3114,Normal,Cl2 +5,0.6363954,0.9119870300226526
3114,Normal,Cl2 +5,0.5292999,0.9985342815755923
3114,Normal,Cl2 +5,0.5521329,0.963656083246034
3114,Normal,Cl2 +5,0.5937285,0.9939090440248373
3114,Normal,Cl2 +5,0.61361057,0.9981549779324165
3114,Normal,Cl2 +5,0.5683956,0.9991723231775465
3114,Normal,Cl2 +5,0.5847446,0.9983500670489897
3114,Normal,Cl2 +5,0.6268848,0.9980228626221616
3114,Normal,Cl2 +5,0.5157436,0.9941104723043519
3114,Normal,Cl2 +5,0.324423,0.9956313131136545
3114,Normal,Cl2 +5,0.45598918,0.9902141104798216
3114,Normal,Cl2 +5,0.6301534,0.9976330729598057
3114,Normal,Cl2 +5,0.7407122,0.9612192875542963
3114,Normal,Cl2 +5,0.76054984,0.9697113441029287
3114,Normal,Cl2 +5,0.8749584,0.979802886627791
3114,Normal,Cl2 +5,0.6431848,0.9614268371729001
3114,Normal,Cl2 +5,0.9601686,0.999368150501184
3114,Normal,UNKNOWN FAULT,1.0879452,0.9793322507820645
3114,Normal,UNKNOWN FAULT,1.1257974,0.9882217708870472
3114,Normal,Cl2 +5,1.3262011,0.9985715636713945
3114,Normal,Cl2 +5,0.7193446,0.9660226677550048
3114,Normal,Cl2 +5,0.6866129,0.9819778836942936
3114,Normal,Cl2 +5,0.7614087,0.9374096779075077
3114,Normal,RF +8,0.66808474,0.592117343051676
3114,Normal,Cl2 +5,0.7954179,0.7517810771937139
3114,Normal,Cl2 +5,0.65817195,0.776108789898518
3114,Normal,Cl2 +5,0.7318596,0.7502433070096745
3114,Normal,Normal,0.26618263,0.8279118892612685
3114,Normal,RF +8,0.431627,0.809230191441212
3114,Normal,RF +8,0.4429401,0.6524914401448537
3114,Normal,Normal,0.45977166,0.9053280904719702
3114,Normal,RF +8,0.407423,0.9344145029965292
3114,Normal,Cl2 +5,0.39932996,0.938788684533178
3114,Normal,RF +8,0.3905105,0.6139327539822331
3114,Normal,Cl2 +5,0.44327196,0.9564351882124439
3115,Normal,Cl2 +5,0.42179236,0.9974844267816912
3115,Normal,Cl2 +5,0.44411457,0.9987761444042119
3115,Normal,Cl2 +5,0.6557797,0.9969574300571737
3115,Normal,Cl2 +5,0.56097853,0.9883843979459231
3115,Normal,Cl2 +5,0.6829707,0.9816044208895816
3115,Normal,Cl2 +5,0.58781767,0.9913764066510754
3115,Normal,Cl2 +5,0.640442,0.999020939833912
3115,Normal,Cl2 +5,0.5594381,0.9909914798990214
3115,Normal,Cl2 +5,0.68524384,0.9991754184683996
3115,Normal,Cl2 +5,0.7227034,0.9993542674993194
3115,Normal,Cl2 +5,0.60761595,0.9989040202729648
3115,Normal,Cl2 +5,0.69247323,0.9945338142951806
3115,Normal,Cl2 +5,0.57112557,0.9976411504155513
3115,Normal,Cl2 +5,0.34623438,0.9899361559363495
3115,Normal,Cl2 +5,0.57528275,0.9973419549011345
3115,Normal,Cl2 +5,0.6837322,0.9981781618624364
3115,Normal,Cl2 +5,0.8014296,0.8834403633097557
3115,Normal,Cl2 +5,0.7922864,0.7917320821760866
3115,Normal,Cl2 +5,0.58608997,0.9932463745929634
3115,Normal,Cl2 +5,0.9158268,0.999722929859492
3115,Normal,UNKNOWN FAULT,1.0339429,0.9892090425085309
3115,Normal,UNKNOWN FAULT,1.2692027,0.9961430783332483
3115,Normal,UNKNOWN FAULT,1.1730983,0.977304996333519
3115,Normal,Normal,0.73268163,0.5371634153682597
3115,Normal,Cl2 +5,0.7651929,0.9964903073271587
3115,Normal,Cl2 +5,0.77470756,0.997841545623206
3115,Normal,Cl2 +5,0.6724372,0.9943158829949146
3115,Normal,Cl2 +5,0.6952889,0.9762493667132395
3115,Normal,Cl2 +5,0.7324164,0.9976229116337959
3115,Normal,Cl2 +5,0.66018564,0.9815909337692131
3115,Normal,Cl2 +5,0.7664776,0.9911210827518362
3115,Normal,Cl2 +5,0.39369932,0.9985958672173316
3115,Normal,Cl2 +5,0.40014505,0.9838197720999892
3115,Normal,Cl2 +5,0.38172138,0.99300722110697
3115,Normal,Cl2 +5,0.3770047,0.989378241041409
3115,Normal,Cl2 +5,0.42683652,0.983220844712302
3115,Normal,Cl2 +5,0.39311013,0.9949930014648487
3115,Normal,Cl2 +5,0.4233149,0.998634464158526
3116,Normal,Cl2 +5,0.42897317,0.9659354885098798
3116,Normal,Cl2 +5,0.47703812,0.9914307184678706
3116,Normal,Cl2 +5,0.57519203,0.9944348997432632
3116,Normal,Cl2 +5,0.58718234,0.9832124469500997
3116,Normal,Cl2 +5,0.5153821,0.998611559999392
3116,Normal,Cl2 +5,0.54447234,0.9955807098981307
3116,Normal,Cl2 +5,0.56552416,0.9969578321380108
3116,Normal,Cl2 +5,0.58870536,0.9731479674967508
3116,Normal,Cl2 +5,0.5630984,0.9987662853562516
3116,Normal,Cl2 +5,0.5456729,0.9996246882615416
3116,Normal,Cl2 +5,0.5632973,0.9905399389565641
3116,Normal,Cl2 +5,0.68924797,0.9995738617101964
3116,Normal,Cl2 +5,0.29707518,0.9923487802537568
3116,Normal,Cl2 +5,0.36115324,0.9930627303548679
3116,Normal,Cl2 +5,0.49910098,0.9977893993256561
3116,Normal,Cl2 +5,0.76180154,0.9789285804880563
3116,Normal,Cl2 +5,0.900593,0.995756455140461
3116,Normal,Cl2 +5,0.80784273,0.9887880512600641
3116,Normal,Cl2 +5,0.62556434,0.9997960541820277
3116,Normal,Cl2 +5,0.72705746,0.9960634468182462
3116,Normal,Cl2 +5,1.0467749,0.999239939366266
3116,Normal,Cl2 +5,1.1570793,0.9993378696886213
3116,Normal,UNKNOWN FAULT,1.0399437,0.5846435297812305
3116,Normal,Cl2 +5,0.6938006,0.9946489007274759
3116,Normal,Cl2 +5,0.6588456,0.9933935478042348
3116,Normal,Cl2 +5,0.72376066,0.940009487803128
3116,Normal,Cl2 +5,0.75094116,0.9877556168808861
3116,Normal,Cl2 +5,0.75202304,0.9850982589077113
3116,Normal,Cl2 +5,0.73632485,0.9158935313324773
3116,Normal,Cl2 +5,0.66743,0.9792907638648436
3116,Normal,Cl2 +5,0.7362192,0.9852771937480448
3116,Normal,Cl2 +5,0.39246222,0.6122683164368684
3116,Normal,Cl2 +5,0.39867383,0.5439703015913968
3116,Normal,Cl2 +5,0.3982034,0.6292147007271656
3116,Normal,Normal,0.41247103,0.9816155983692815
3116,Normal,Normal,0.3997784,0.5379181404719571
3116,Normal,Normal,0.4270211,0.994515682670151
3116,Normal,Cl2 +5,0.42280394,0.9871689699340178
3117,Normal,Cl2 +5,0.39910045,0.9937480944668967
3117,Normal,Cl2 +5,0.5437855,0.9932194937496608
3117,Normal,Cl2 +5,0.6101049,0.9759287467674017
3117,Normal,Cl2 +5,0.61464584,0.9919533433582914
3117,Normal,Cl2 +5,0.5732136,0.9953577022955956
3117,Normal,Cl2 +5,0.6152333,0.999505985403246
3117,Normal,Cl2 +5,0.525103,0.9980964912104751
3117,Normal,Cl2 +5,0.539817,0.9975233392763356
3117,Normal,Cl2 +5,0.7608003,0.9958071901407413
3117,Normal,Cl2 +5,0.60197496,0.9732488785583012
3117,Normal,Cl2 +5,0.5834799,0.9960953882433875
3117,Normal,Cl2 +5,0.52607775,0.9981811590539706
3117,Normal,Cl2 +5,0.27323028,0.9804796626930538
3117,Normal,Cl2 +5,0.41233844,0.9807067988881448
3117,Normal,Cl2 +5,0.59595,0.9940489088667955
3117,Normal,BCl3 -5,0.91145486,0.74373184566919
3117,Normal,Cl2 +5,0.8850938,0.8892238013671361
3117,Normal,Cl2 +5,0.7728471,0.9512514115839931
3117,Normal,Cl2 +5,0.642614,0.9918669767367271
3117,Normal,Cl2 +5,0.9172444,0.9965195967912188
3117,Normal,Cl2 +5,1.0531456,0.9951185063252812
3117,Normal,Cl2 +5,1.0339302,0.984910382819438
3117,Normal,Cl2 +5,1.1795062,0.9805368180576545
3117,Normal,Cl2 +5,0.6296912,0.9888236854203208
3117,Normal,Cl2 +5,0.7034552,0.9973146296808528
3117,Normal,Cl2 +5,0.68822694,0.9985047736563917
3117,Normal,Cl2 +5,0.6860172,0.9990050078623959
3117,Normal,Cl2 +5,0.6735572,0.9993505492104068
3117,Normal,Cl2 +5,0.6715043,0.9996113359311801
3117,Normal,Cl2 +5,0.6892794,0.9997442036776271
3117,Normal,Cl2 +5,0.23901351,0.9998718592905881
3117,Normal,Cl2 +5,0.42611447,0.9999355728579673
3117,Normal,Cl2 +5,0.3860817,0.9999494400981787
3117,Normal,Cl2 +5,0.40649194,0.9998878225189282
3117,Normal,Cl2 +5,0.40157893,0.9999629482526508
3117,Normal,Cl2 +5,0.39864263,0.999940066390821
3117,Normal,Cl2 +5,0.3911874,0.9999033313179684
3117,Normal,Cl2 +5,0.45471632,0.9999639371599925
3118,Normal,Cl2 +5,0.4684049,0.9655685970844382
3118,Normal,Cl2 +5,0.52257186,0.9982670258507299
3118,Normal,Cl2 +5,0.53364,0.9983002197441841
3118,Normal,Cl2 +5,0.6090237,0.9974353024759568
3118,Normal,Cl2 +5,0.5631904,0.9350802940081246
3118,Normal,Cl2 +5,0.64405954,0.9948884844870287
3118,Normal,Cl2 +5,0.50962615,0.9994637711223484
3118,Normal,Cl2 +5,0.514139,0.9960006193089118
3118,Normal,Cl2 +5,0.56923294,0.9944257977502732
3118,Normal,Cl2 +5,0.5401281,0.975092547301367
3118,Normal,Cl2 +5,0.52159595,0.996514753967654
3118,Normal,Cl2 +5,0.48746276,0.9956649080801993
3118,Normal,Cl2 +5,0.3637981,0.9171936790968734
3118,Normal,Cl2 +5,0.4548205,0.9964015535977236
3118,Normal,Cl2 +5,0.46826133,0.9821483224166283
3118,Normal,Cl2 +5,0.7500461,0.9676669141464741
3118,Normal,Cl2 +5,0.8024265,0.7767826560420256
3118,Normal,Cl2 +5,0.7678511,0.9925543315621594
3118,Normal,Cl2 +5,0.67955816,0.992906260657985
3118,Normal,Cl2 +5,0.9795858,0.9993391724038383
3118,Normal,UNKNOWN FAULT,1.0196966,0.9935250102152077
3118,Normal,UNKNOWN FAULT,1.1909392,0.9920172142967576
3118,Normal,Cl2 +5,1.2881202,0.9986576652922031
3118,Normal,Normal,0.84728754,0.9992024866035032
3118,Normal,Cl2 +5,0.7739628,0.9989835028654597
3118,Normal,Cl2 +5,0.70280826,0.9997296611955885
3118,Normal,Cl2 +5,0.74052596,0.9996692642568645
3118,Normal,Cl2 +5,0.6787849,0.9998546514081106
3118,Normal,Cl2 +5,0.6825007,0.9996322548818194
3118,Normal,Cl2 +5,0.66831404,0.999718008547589
3118,Normal,Cl2 +5,0.18191224,0.9999492318986486
3118,Normal,Cl2 +5,0.3863535,0.9999849996304024
3118,Normal,Cl2 +5,0.3894904,0.9999771528590073
3118,Normal,Cl2 +5,0.3977437,0.999911197904609
3118,Normal,Cl2 +5,0.38241753,0.9997533846696891
3118,Normal,Cl2 +5,0.38272136,0.999952526976591
3118,Normal,Cl2 +5,0.40075746,0.9999901549150387
3118,Normal,Cl2 +5,0.43036112,0.9998603370713214
3119,Normal,Cl2 +5,0.38050586,0.9770153986296273
3119,Normal,Cl2 +5,0.53816354,0.9997290249084838
3119,Normal,Cl2 +5,0.66448927,0.9964487616982936
3119,Normal,Cl2 +5,0.52667856,0.8248150743878758
3119,Normal,Cl2 +5,0.61741275,0.9988990843389036
3119,Normal,Cl2 +5,0.5180728,0.9996479348430971
3119,Normal,Cl2 +5,0.61049116,0.9950661189882506
3119,Normal,Cl2 +5,0.7117656,0.988929915303184
3119,Normal,Cl2 +5,0.50281185,0.9988578947657184
3119,Normal,Cl2 +5,0.58105093,0.99914058876484
3119,Normal,Cl2 +5,0.5269694,0.987857157630219
3119,Normal,Cl2 +5,0.5710996,0.99810918738498
3119,Normal,Cl2 +5,0.3027661,0.9260134601498654
3119,Normal,Cl2 +5,0.3445398,0.9809744672249102
3119,Normal,Cl2 +5,0.5414642,0.9754575290414581
3119,Normal,Cl2 +5,0.7932659,0.9797461607103856
3119,Normal,Cl2 +5,0.8371835,0.9967134556795996
3119,Normal,Cl2 +5,0.8279376,0.9672942818118687
3119,Normal,Cl2 +5,0.65136224,0.9913080407769734
3119,Normal,Cl2 +5,0.9519887,0.9995314639295132
3119,Normal,Cl2 +5,1.0497302,0.9985705409759208
3119,Normal,Cl2 +5,1.187515,0.9992407901231013
3119,Normal,Cl2 +5,1.004777,0.9977612016610298
3119,Normal,Cl2 +5,0.7078955,0.9988836158700547
3119,Normal,Cl2 +5,0.7172068,0.9930234995222286
3119,Normal,Cl2 +5,0.6779224,0.99681987757196
3119,Normal,Normal,0.6862824,0.9032489458757542
3119,Normal,Cl2 +5,0.67582357,0.9998796016840551
3119,Normal,Cl2 +5,0.6435403,0.9988787276402655
3119,Normal,Cl2 +5,0.68933505,0.9977698030432576
3119,Normal,Cl2 +5,0.63963383,0.9998876114419893
3119,Normal,Cl2 +5,0.3907045,0.999984979970794
3119,Normal,Cl2 +5,0.39287674,0.9999836053853112
3119,Normal,Cl2 +5,0.40349135,0.9998597380593521
3119,Normal,Cl2 +5,0.42893514,0.9999842879826455
3119,Normal,Cl2 +5,0.3968236,0.9999768771131754
3119,Normal,Cl2 +5,0.43601078,0.9999813226618722
3119,Normal,Cl2 +5,0.439208,0.9999821074995331
3120,TCP +30,TCP +30,0.91002923,0.999998620541011
3120,TCP +30,TCP +30,1.13023,0.9999986989529656
3120,TCP +30,TCP +30,1.2416071,0.9999998210934316
3120,TCP +30,TCP +30,1.2521452,0.9999993397570519
3120,TCP +30,TCP +30,1.1999916,0.9999998067339766
3120,TCP +30,TCP +30,1.2972047,0.9999994984744482
3120,TCP +30,TCP +30,1.1983266,0.9999979650977077
3120,TCP +30,TCP +30,1.1323769,0.9999998054964657
3120,TCP +30,TCP +30,1.2421908,0.9999996570239518
3120,TCP +30,TCP +30,1.2518185,0.9999993466350069
3120,TCP +30,TCP +30,1.1497039,0.9999994728223346
3120,TCP +30,TCP +30,1.1101328,0.9999998060700394
3120,TCP +30,TCP +30,0.72791,0.9999994743098729
3120,TCP +30,TCP +30,1.011738,0.9999996455464504
3120,TCP +30,TCP +30,1.4936887,0.9999993157053313
3120,TCP +30,TCP +30,2.1037652,0.9999983490928538
3120,TCP +30,TCP +30,1.7251076,0.9999985571207484
3120,TCP +30,TCP +30,1.7025863,0.9999969304944182
3120,TCP +30,TCP +30,1.4131019,0.9999977999907216
3120,TCP +30,TCP +30,2.3909488,0.999999108508563
3120,TCP +30,TCP +30,2.4147825,0.9999951469083607
3120,TCP +30,TCP +30,2.1523538,0.9999966881034011
3120,TCP +30,TCP +30,1.849161,0.9999777851703843
3120,TCP +30,TCP +30,1.2404281,0.999973193736097
3120,TCP +30,TCP +30,1.6011909,0.9999996832103952
3120,TCP +30,TCP +30,1.2217761,0.9999990663218461
3120,TCP +30,TCP +30,1.2014813,0.9999992845944534
3120,TCP +30,TCP +30,1.2494494,0.9999988737125229
3120,TCP +30,TCP +30,1.1995796,0.9999990647820705
3120,TCP +30,TCP +30,1.2833972,0.999997837329627
3120,TCP +30,TCP +30,0.87108487,0.9999997216401473
3120,TCP +30,TCP +30,0.81481117,0.9999995242818744
3120,TCP +30,TCP +30,1.0155845,0.9999996154614925
3120,TCP +30,TCP +30,0.81713873,0.9999992948236455
3120,TCP +30,TCP +30,1.327609,0.9999995325682844
3120,TCP +30,TCP +30,0.7698074,0.9999975559128714
3120,TCP +30,TCP +30,0.780308,0.999997178719072
3120,TCP +30,TCP +30,0.8187417,0.99998266617464
3121,Cl2 +5,Cl2 +5,0.40275165,0.9999974414205601
3121,Cl2 +5,Cl2 +5,0.5336314,0.9999972979582796
3121,Cl2 +5,Cl2 +5,0.540433,0.9999981262614611
3121,Cl2 +5,Cl2 +5,0.5299334,0.9999935475855989
3121,Cl2 +5,Cl2 +5,0.511824,0.999995597711691
3121,Cl2 +5,Cl2 +5,0.6967441,0.9999987970652588
3121,Cl2 +5,Cl2 +5,0.73760176,0.9999992349611249
3121,Cl2 +5,Cl2 +5,0.5299285,0.9999974748220538
3121,Cl2 +5,Cl2 +5,0.51589143,0.999998481882839
3121,Cl2 +5,Cl2 +5,0.6420038,0.999999146000598
3121,Cl2 +5,Cl2 +5,0.48941183,0.9999994850159392
3121,Cl2 +5,Cl2 +5,0.33154923,0.9999985840577532
3121,Cl2 +5,Cl2 +5,0.38045368,0.999997041461161
3121,Cl2 +5,Cl2 +5,0.5909423,0.9999983830353827
3121,Cl2 +5,Cl2 +5,0.7579527,0.9999972109296364
3121,Cl2 +5,Cl2 +5,0.7846556,0.9999956152040635
3121,Cl2 +5,Cl2 +5,0.7361794,0.9999930628160603
3121,Cl2 +5,Cl2 +5,0.5782773,0.999995150273621
3121,Cl2 +5,Cl2 +5,0.7346596,0.9999982575238748
3121,Cl2 +5,Cl2 +5,1.0457368,0.9999983179655401
3121,Cl2 +5,Cl2 +5,0.95833975,0.9999958139920265
3121,Cl2 +5,Cl2 +5,1.0887094,0.9999974166256144
3121,Cl2 +5,Cl2 +5,1.1232816,0.9999985870286071
3121,Cl2 +5,Cl2 +5,0.8632596,0.9999961952159784
3121,Cl2 +5,Cl2 +5,0.95533985,0.9999938018724532
3121,Cl2 +5,Cl2 +5,0.8520152,0.9999964850520503
3121,Cl2 +5,Cl2 +5,0.77388567,0.9999986942522844
3121,Cl2 +5,Cl2 +5,0.6396572,0.9999987625701872
3121,Cl2 +5,Cl2 +5,0.8476796,0.999998912234529
3121,Cl2 +5,Cl2 +5,0.38933784,0.9999980441404932
3121,Cl2 +5,Cl2 +5,0.39530805,0.9999938689617173
3121,Cl2 +5,Cl2 +5,0.39706385,0.9999978758145742
3121,Cl2 +5,Cl2 +5,0.40712535,0.9999992156355696
3121,Cl2 +5,Cl2 +5,0.39050516,0.9999987628275102
3121,Cl2 +5,Cl2 +5,0.38465112,0.9999982491487526
3121,Cl2 +5,Cl2 +5,0.38263214,0.9999983267312643
3121,Cl2 +5,Cl2 +5,0.3813954,0.9999966723762925
3121,Cl2 +5,Cl2 +5,0.42865413,0.999998451480813
3122,RF +8,RF +8,0.50642776,0.9999963754268718
3122,RF +8,RF +8,0.47159502,0.9999960038122454
3122,RF +8,RF +8,0.6285641,0.9999819579937947
3122,RF +8,RF +8,0.5669128,0.9999954770922956
3122,RF +8,RF +8,0.56292814,0.9999977535455112
3122,RF +8,RF +8,0.5614312,0.9999886819310163
3122,RF +8,RF +8,0.6222822,0.9999949604429992
3122,RF +8,RF +8,0.5964919,0.9999989189364714
3122,RF +8,RF +8,0.671767,0.9999827348022086
3122,RF +8,RF +8,0.5008751,0.9999983483281563
3122,RF +8,RF +8,0.6381845,0.9999938055661869
3122,RF +8,RF +8,0.5442935,0.999980277079779
3122,RF +8,RF +8,0.31261945,0.9999733762978159
3122,RF +8,RF +8,0.9165024,0.9999968254035078
3122,RF +8,RF +8,0.47762614,0.9999965744452267
3122,RF +8,RF +8,0.6956092,0.9999987763333699
3122,RF +8,RF +8,0.8889759,0.9999975600664635
3122,RF +8,RF +8,0.77509797,0.9999861866756906
3122,RF +8,RF +8,0.7654294,0.9999834894908509
3122,RF +8,RF +8,0.8344571,0.9999526467563385
3122,RF +8,RF +8,1.0401778,0.9999973304371567
3122,RF +8,RF +8,1.1974279,0.9999981228503511
3122,RF +8,RF +8,1.2403362,0.9999882786453432
3122,RF +8,RF +8,0.6979387,0.9997852962734591
3122,RF +8,RF +8,0.71534735,0.9999022934473525
3122,RF +8,RF +8,0.81508845,0.999998110676209
3122,RF +8,RF +8,0.79245406,0.999999272905584
3122,RF +8,RF +8,0.74764585,0.9999966087316149
3122,RF +8,RF +8,0.7335029,0.999998903937518
3122,RF +8,RF +8,0.7913524,0.9999979155057762
3122,RF +8,RF +8,0.31908453,0.9999993926955637
3122,RF +8,RF +8,0.8659129,0.9999993188440525
3122,RF +8,RF +8,0.39875874,0.9999983755011423
3122,RF +8,RF +8,0.40983453,0.9999991411627165
3122,RF +8,RF +8,0.3868571,0.99999859555191
3122,RF +8,RF +8,0.40286618,0.9999860691331274
3122,RF +8,RF +8,0.39929533,0.9999989771746686
3122,RF +8,RF +8,0.48862404,0.9999899494664582
3123,Normal,Normal,0.38272363,0.8898997270383011
3123,Normal,Cl2 +5,0.39273828,0.9959596844188898
3123,Normal,Cl2 +5,0.5970321,0.9651195976101626
3123,Normal,Cl2 +5,0.62968194,0.9950278268021232
3123,Normal,Cl2 +5,0.5647688,0.9956813408144416
3123,Normal,Cl2 +5,0.5298012,0.9681409149901803
3123,Normal,Cl2 +5,0.6273303,0.9985931818421873
3123,Normal,Cl2 +5,0.6405601,0.8504606749418459
3123,Normal,Cl2 +5,0.52981174,0.8370523935909788
3123,Normal,Cl2 +5,0.5471816,0.9721240500195789
3123,Normal,Cl2 +5,0.51345116,0.9990687765618075
3123,Normal,Cl2 +5,0.5327911,0.902784747679744
3123,Normal,Cl2 +5,0.28284678,0.9582727041853978
3123,Normal,Cl2 +5,0.52196884,0.9943962104366029
3123,Normal,Cl2 +5,0.48499313,0.9890307018295093
3123,Normal,Cl2 +5,0.5666212,0.4931109232628364
3123,Normal,Cl2 +5,0.8529113,0.9863683692115666
3123,Normal,Cl2 +5,0.7030689,0.9781808672065948
3123,Normal,Cl2 +5,0.5943518,0.9931485906748793
3123,Normal,Cl2 +5,0.69637406,0.985269953713435
3123,Normal,Cl2 +5,0.89307034,0.9615958351097249
3123,Normal,Cl2 +5,1.1012613,0.9147537812402272
3123,Normal,Cl2 +5,1.1656922,0.9974705165453738
3123,Normal,Cl2 +5,0.81075996,0.9944043535781281
3123,Normal,Cl2 +5,0.6747735,0.9969383288564037
3123,Normal,Cl2 +5,0.67450285,0.9998144683374742
3123,Normal,Cl2 +5,0.6573389,0.9739442806379114
3123,Normal,Cl2 +5,0.6488089,0.9995521260158836
3123,Normal,Normal,0.650197,0.9961469195262213
3123,Normal,Cl2 +5,0.7159207,0.9992450616421003
3123,Normal,Cl2 +5,0.21709304,0.9999706756208303
3123,Normal,Cl2 +5,0.37637016,0.9999369222451071
3123,Normal,Cl2 +5,0.4227822,0.9999305875007857
3123,Normal,Cl2 +5,0.38925558,0.9997198473677039
3123,Normal,Cl2 +5,0.39235088,0.9999178523953522
3123,Normal,Cl2 +5,0.38389987,0.9999593242690222
3123,Normal,Cl2 +5,0.3850815,0.999405085439162
3123,Normal,Cl2 +5,0.42755434,0.9998952544278674
3124,Normal,Cl2 +5,0.38731003,0.946768449917593
3124,Normal,Cl2 +5,0.5182908,0.9972914848161584
3124,Normal,Cl2 +5,0.6616826,0.9580231366392333
3124,Normal,Cl2 +5,0.52230626,0.9831899012582145
3124,Normal,Cl2 +5,0.5537933,0.9944497916206575
3124,Normal,Cl2 +5,0.5273458,0.9901521671310837
3124,Normal,Cl2 +5,0.6354339,0.9791450663571024
3124,Normal,Cl2 +5,0.53303295,0.9142189104528632
3124,Normal,Cl2 +5,0.56134903,0.9764501531635933
3124,Normal,Cl2 +5,0.5751642,0.9808831681309237
3124,Normal,Cl2 +5,0.5946766,0.9688708638327995
3124,Normal,Cl2 +5,0.55525845,0.907884503151011
3124,Normal,Cl2 +5,0.33206764,0.9628406261405766
3124,Normal,Cl2 +5,0.45221445,0.9463673227551912
3124,Normal,Cl2 +5,0.5363648,0.9948410487815418
3124,Normal,Cl2 +5,0.64838046,0.901234719627654
3124,Normal,Cl2 +5,0.759088,0.8774556611438544
3124,Normal,Cl2 +5,0.7329179,0.953871702286245
3124,Normal,Cl2 +5,0.6249905,0.6914248685748936
3124,Normal,Cl2 +5,0.61256945,0.9991081106372244
3124,Normal,Cl2 +5,0.8708637,0.9933443743504787
3124,Normal,Cl2 +5,1.0990764,0.9871612737971347
3124,Normal,Cl2 +5,1.151505,0.9962097190308586
3124,Normal,Cl2 +5,0.82007927,0.9940170255503227
3124,Normal,Cl2 +5,0.6881778,0.840909134546057
3124,Normal,Cl2 +5,0.7111422,0.9993803115828166
3124,Normal,Cl2 +5,0.67440647,0.9707234093961166
3124,Normal,Cl2 +5,0.6736309,0.9930275066002003
3124,Normal,Cl2 +5,0.6914317,0.9866260687361914
3124,Normal,Cl2 +5,0.7159743,0.9986193048262728
3124,Normal,Cl2 +5,0.69299924,0.9979183907817006
3124,Normal,Cl2 +5,0.38494068,0.9996262208796818
3124,Normal,Cl2 +5,0.38425767,0.9998574800911141
3124,Normal,Cl2 +5,0.38945192,0.9993577867026399
3124,Normal,Cl2 +5,0.3797664,0.999625375200536
3124,Normal,Cl2 +5,0.38434,0.999744182036854
3124,Normal,Cl2 +5,0.37924808,0.9988838647804898
3124,Normal,Cl2 +5,0.4914382,0.999717905855302
3125,Normal,Cl2 +5,0.43738267,0.9990547539006615
3125,Normal,Cl2 +5,0.5507123,0.9956695752548883
3125,Normal,Cl2 +5,0.57481915,0.9679877558055107
3125,Normal,Cl2 +5,0.52286077,0.9939433034587357
3125,Normal,Cl2 +5,0.5395595,0.9989715674422583
3125,Normal,Cl2 +5,0.55675036,0.9941760706107253
3125,Normal,Cl2 +5,0.5187504,0.9943734381256519
3125,Normal,Cl2 +5,0.58057684,0.9347731412984895
3125,Normal,Cl2 +5,0.59951097,0.9873829718002664
3125,Normal,Cl2 +5,0.58846295,0.9957641010981486
3125,Normal,Cl2 +5,0.53792906,0.9324885733744658
3125,Normal,Cl2 +5,0.46251416,0.9769403599231458
3125,Normal,Cl2 +5,0.33721745,0.9428231112730077
3125,Normal,Cl2 +5,0.53937805,0.971763108436011
3125,Normal,Cl2 +5,0.560072,0.9797537041966237
3125,Normal,Cl2 +5,0.64267075,0.975089739029859
3125,Normal,Cl2 +5,0.8808827,0.9685432052159297
3125,Normal,Cl2 +5,0.65255266,0.7736349065000825
3125,Normal,Cl2 +5,0.5356177,0.8997428035105024
3125,Normal,Cl2 +5,0.78848773,0.9946847063603879
3125,Normal,UNKNOWN FAULT,0.95680267,0.8568370297994166
3125,Normal,UNKNOWN FAULT,1.1190951,0.9885135549732442
3125,Normal,UNKNOWN FAULT,1.2094736,0.986355943872902
3125,Normal,Cl2 +5,1.0093338,0.9978635248976278
3125,Normal,Cl2 +5,0.9712929,0.9933689432454895
3125,Normal,Cl2 +5,0.8141193,0.9973636235678658
3125,Normal,Cl2 +5,0.6731398,0.9575280420807136
3125,Normal,Cl2 +5,0.7510522,0.9912620809295515
3125,Normal,Cl2 +5,0.6990737,0.9999689835677754
3125,Normal,Cl2 +5,0.63280284,0.9991624289977297
3125,Normal,Cl2 +5,0.441321,0.999564244446314
3125,Normal,Cl2 +5,0.483196,0.9998359003289667
3125,Normal,Cl2 +5,0.5142972,0.9997078525310422
3125,Normal,Cl2 +5,0.49347687,0.9998776608800898
3125,Normal,Cl2 +5,0.46266758,0.9998316151912159
3125,Normal,Cl2 +5,0.45310912,0.9996809841031117
3125,Normal,Cl2 +5,0.46389887,0.9998138068179436
3125,Normal,Cl2 +5,0.4926702,0.9998435172550998
3126,Normal,Cl2 +5,0.47832385,0.9535494082377124
3126,Normal,Cl2 +5,0.43303,0.9931878289978747
3126,Normal,Cl2 +5,0.6487933,0.8939125588996965
3126,Normal,Cl2 +5,0.5261943,0.9843201338265595
3126,Normal,Cl2 +5,0.6415734,0.9909874154713488
3126,Normal,Cl2 +5,0.5449481,0.987540759185752
3126,Normal,Cl2 +5,0.492108,0.963763489673078
3126,Normal,Cl2 +5,0.5088775,0.9976793947975132
3126,Normal,Cl2 +5,0.52945715,0.9980062583726972
3126,Normal,Cl2 +5,0.5913219,0.9998332072683345
3126,Normal,Cl2 +5,0.5551641,0.9998064627049352
3126,Normal,Cl2 +5,0.48451406,0.9964382163524126
3126,Normal,Cl2 +5,0.30191007,0.9677068696872241
3126,Normal,Cl2 +5,0.4960332,0.9696547301822935
3126,Normal,Cl2 +5,0.5841631,0.9641065887930795
3126,Normal,Cl2 +5,0.7569595,0.9795422760038851
3126,Normal,Cl2 +5,0.8169386,0.9296867680650018
3126,Normal,Cl2 +5,0.77351874,0.9231970850927442
3126,Normal,Cl2 +5,0.6157856,0.7426328218012488
3126,Normal,Cl2 +5,0.6353645,0.9771699722956425
3126,Normal,Cl2 +5,0.96754086,0.9926426975584779
3126,Normal,Cl2 +5,1.132753,0.9964351778193841
3126,Normal,Cl2 +5,1.2133691,0.9896784398181833
3126,Normal,Cl2 +5,0.7771343,0.9977365937086962
3126,Normal,Cl2 +5,0.6766076,0.8711585927189511
3126,Normal,Normal,0.84090775,0.9994603217283866
3126,Normal,Normal,0.67881405,0.9559944836266568
3126,Normal,Cl2 +5,0.68002284,0.9980039944007754
3126,Normal,Cl2 +5,0.6238734,0.9997210659242256
3126,Normal,Cl2 +5,0.64633256,0.9993964409151396
3126,Normal,Cl2 +5,0.21730532,0.9999618567246823
3126,Normal,Cl2 +5,0.38178396,0.9998703982562532
3126,Normal,Cl2 +5,0.40643042,0.9999517942469216
3126,Normal,Cl2 +5,0.39280096,0.9999634312323952
3126,Normal,Cl2 +5,0.45525494,0.9999648353426793
3126,Normal,Cl2 +5,0.40975112,0.9999278800214364
3126,Normal,Cl2 +5,0.3910426,0.9999416061268744
3126,Normal,Cl2 +5,0.423946,0.9998641040944887
3127,Normal,Cl2 +5,0.45492136,0.9801651045472592
3127,Normal,Cl2 +5,0.43733993,0.9102690869106029
3127,Normal,Cl2 +5,0.58650213,0.9934603088564885
3127,Normal,Cl2 +5,0.6077878,0.9931078475078579
3127,Normal,Cl2 +5,0.54509705,0.8924259799046073
3127,Normal,Cl2 +5,0.5763223,0.9938616655840735
3127,Normal,Cl2 +5,0.4812021,0.9765647849067962
3127,Normal,Cl2 +5,0.50706273,0.9845608153760044
3127,Normal,Cl2 +5,0.62767303,0.9957688763815515
3127,Normal,Cl2 +5,0.5190907,0.9866068421371336
3127,Normal,Cl2 +5,0.53114104,0.9682305276772321
3127,Normal,Cl2 +5,0.5383575,0.9786427003719731
3127,Normal,Cl2 +5,0.29589346,0.9761922020227484
3127,Normal,Cl2 +5,0.4571946,0.95657902617682
3127,Normal,Cl2 +5,0.5172509,0.9945386223846329
3127,Normal,Cl2 +5,0.73545885,0.9784160546039729
3127,Normal,Cl2 +5,0.69202596,0.9895620444628801
3127,Normal,Cl2 +5,0.6593392,0.9917396563700974
3127,Normal,Cl2 +5,0.67794675,0.9260514501271172
3127,Normal,Cl2 +5,0.58334947,0.9968315234795319
3127,Normal,Cl2 +5,0.8757196,0.9982531506998079
3127,Normal,Cl2 +5,1.0505791,0.9276968422307011
3127,Normal,UNKNOWN FAULT,1.2402169,0.995333961768118
3127,Normal,Normal,0.83803517,0.716724446515895
3127,Normal,BCl3 -5,0.6610568,0.6309467663191689
3127,Normal,Cl2 +5,0.68342614,0.9983927021408341
3127,Normal,Cl2 +5,0.6258308,0.999761221293057
3127,Normal,Cl2 +5,0.7176763,0.9994116065838059
3127,Normal,Cl2 +5,0.67726535,0.9997821659958964
3127,Normal,Cl2 +5,0.6537265,0.999932624522917
3127,Normal,Cl2 +5,0.22083412,0.9994959545284563
3127,Normal,Cl2 +5,0.42801702,0.999873614403149
3127,Normal,Cl2 +5,0.38750824,0.9998395275105106
3127,Normal,Cl2 +5,0.38465855,0.9989226204524981
3127,Normal,Cl2 +5,0.4131978,0.9971812363217587
3127,Normal,Cl2 +5,0.39390758,0.9995596123628677
3127,Normal,Cl2 +5,0.39504665,0.9997566281219871
3127,Normal,Cl2 +5,0.44282517,0.9997106992249647
3128,Normal,Cl2 +5,0.42228472,0.9823375360973187
3128,Normal,Cl2 +5,0.42354387,0.9896000006002565
3128,Normal,Cl2 +5,0.59645313,0.9650643647360767
3128,Normal,Cl2 +5,0.5101547,0.9188029301617495
3128,Normal,Cl2 +5,0.5219212,0.975315804573327
3128,Normal,Cl2 +5,0.5722329,0.9909508199542909
3128,Normal,Cl2 +5,0.5187437,0.9981173467029579
3128,Normal,Cl2 +5,0.5270653,0.9785734258579587
3128,Normal,Cl2 +5,0.55249333,0.9858515446659951
3128,Normal,Cl2 +5,0.5694039,0.9349728064473777
3128,Normal,Cl2 +5,0.57781637,0.981818813804275
3128,Normal,Cl2 +5,0.44962296,0.9918175747420711
3128,Normal,Cl2 +5,0.28968525,0.9898335560792205
3128,Normal,Cl2 +5,0.6300403,0.9828534351841074
3128,Normal,Cl2 +5,0.5504867,0.998943133580671
3128,Normal,Cl2 +5,0.7361731,0.9841534410468664
3128,Normal,Cl2 +5,0.8297186,0.9685467856756753
3128,Normal,Cl2 +5,0.793018,0.9901187978281488
3128,Normal,Cl2 +5,0.6902762,0.9891582412746999
3128,Normal,Cl2 +5,0.7284899,0.9854276438005396
3128,Normal,Cl2 +5,0.7952499,0.9946526245214347
3128,Normal,Cl2 +5,1.2717845,0.9953889808017196
3128,Normal,Cl2 +5,1.1818959,0.992715882460803
3128,Normal,Cl2 +5,0.9944486,0.9943676066553285
3128,Normal,Cl2 +5,1.0184482,0.9919585733901023
3128,Normal,Cl2 +5,0.82291526,0.9692212940102383
3128,Normal,Cl2 +5,0.69342935,0.9972709160699865
3128,Normal,Cl2 +5,0.7710336,0.9994138242824738
3128,Normal,Cl2 +5,0.73930186,0.9965488204382111
3128,Normal,Normal,0.7016444,0.9993007149351463
3128,Normal,Normal,0.45361775,0.9994411614286002
3128,Normal,Normal,0.4047973,0.9991844199817246
3128,Normal,Cl2 +5,0.36799625,0.9972579843666198
3128,Normal,Cl2 +5,0.38622907,0.99813449372533
3128,Normal,Cl2 +5,0.4078915,0.9966166828498626
3128,Normal,Cl2 +5,0.38243136,0.9891557700044828
3128,Normal,Cl2 +5,0.38312495,0.9881625265061831
3128,Normal,Cl2 +5,0.43077123,0.9989821094696681
3129,Normal,Cl2 +5,0.3612599,0.9929534805511332
3129,Normal,Cl2 +5,0.46293363,0.9841787209809701
3129,Normal,Cl2 +5,0.5333249,0.9726139819508284
3129,Normal,Cl2 +5,0.6222133,0.8948322677324182
3129,Normal,Cl2 +5,0.53252316,0.9456883467545152
3129,Normal,Cl2 +5,0.51356786,0.9949450510738556
3129,Normal,Cl2 +5,0.6064241,0.983171437582398
3129,Normal,Cl2 +5,0.6499758,0.995898412178248
3129,Normal,Cl2 +5,0.4773363,0.99202202510979
3129,Normal,Cl2 +5,0.5995762,0.985740446671289
3129,Normal,Cl2 +5,0.5770975,0.9615528556645218
3129,Normal,Cl2 +5,0.51520324,0.993094905659645
3129,Normal,Cl2 +5,0.31844667,0.9232327370187482
3129,Normal,Cl2 +5,0.46430185,0.9803505876720247
3129,Normal,Cl2 +5,0.60884905,0.9945677443874644
3129,Normal,Cl2 +5,0.55744904,0.9766800758631756
3129,Normal,Cl2 +5,0.6932409,0.9847950824648101
3129,Normal,Cl2 +5,0.7374416,0.8140428307546157
3129,Normal,Cl2 +5,0.6670323,0.9349973010731355
3129,Normal,Cl2 +5,0.8062163,0.9988058462543896
3129,Normal,Cl2 +5,0.8892109,0.9992674974177008
3129,Normal,Cl2 +5,1.0448443,0.9984369503697594
3129,Normal,Cl2 +5,1.1949283,0.996341313064249
3129,Normal,Cl2 +5,0.986786,0.9991871743376934
3129,Normal,Cl2 +5,0.899349,0.96845266243321
3129,Normal,Cl2 +5,0.6815378,0.9980347083022915
3129,Normal,Cl2 +5,0.70343786,0.9996707536362318
3129,Normal,Cl2 +5,0.7405813,0.9998032594435501
3129,Normal,Cl2 +5,0.7735695,0.9996296390314331
3129,Normal,Cl2 +5,0.6535678,0.9997237514658347
3129,Normal,Cl2 +5,0.39793208,0.9997261543803626
3129,Normal,Normal,0.38676152,0.9553524651401581
3129,Normal,Normal,0.38189533,0.9339460587873968
3129,Normal,Cl2 +5,0.38286465,0.9998524749784018
3129,Normal,Cl2 +5,0.41616568,0.9992592601350269
3129,Normal,Cl2 +5,0.4008054,0.9997721939561369
3129,Normal,Cl2 +5,0.4068106,0.9999198579832441
3129,Normal,Cl2 +5,0.42731854,0.9998118980725704
3130,Normal,Cl2 +5,0.4448071,0.9833495532826444
3130,Normal,Normal,0.5480289,0.9529683693833519
3130,Normal,Cl2 +5,0.56089437,0.9998051777777551
3130,Normal,UNKNOWN FAULT,0.985371,0.9970855979105275
3130,Normal,Cl2 +5,0.50444967,0.9971667696662324
3130,Normal,Cl2 +5,0.56892365,0.9991351501758348
3130,Normal,Cl2 +5,0.57384616,0.9823552690715207
3130,Normal,Cl2 +5,0.5710119,0.9932874767606555
3130,Normal,Cl2 +5,0.50595576,0.9921823256671384
3130,Normal,Cl2 +5,0.48380357,0.993406591533755
3130,Normal,Cl2 +5,0.53152514,0.9982623166206385
3130,Normal,Cl2 +5,0.53707296,0.9443636973655369
3130,Normal,Cl2 +5,0.2381578,0.9895716089320191
3130,Normal,Cl2 +5,0.49797213,0.9971779951680398
3130,Normal,Normal,0.5646374,0.9202534739605642
3130,Normal,Cl2 +5,0.68850654,0.9642679625963257
3130,Normal,Cl2 +5,0.8380462,0.9885939726227234
3130,Normal,Cl2 +5,0.71395195,0.97283385838574
3130,Normal,Cl2 +5,0.59972084,0.9476930618674172
3130,Normal,Cl2 +5,0.7818081,0.9635780387411774
3130,Normal,Cl2 +5,0.7383326,0.9576922453289657
3130,Normal,Cl2 +5,0.92011315,0.9953987972692172
3130,Normal,Cl2 +5,1.0776049,0.9971879451333425
3130,Normal,Cl2 +5,1.1142122,0.9997392528502337
3130,Normal,Cl2 +5,0.9356147,0.9799688119725217
3130,Normal,Normal,0.8612172,0.997956228183256
3130,Normal,Cl2 +5,0.6408779,0.9763515208811206
3130,Normal,Normal,0.81328607,0.9970966131412915
3130,Normal,Cl2 +5,0.699244,0.9993297868617931
3130,Normal,Cl2 +5,0.6714506,0.9770678584533322
3130,Normal,Cl2 +5,0.38655218,0.9997722543422903
3130,Normal,Cl2 +5,0.392369,0.9999380111260696
3130,Normal,Cl2 +5,0.38564914,0.9999491762434375
3130,Normal,Cl2 +5,0.38374254,0.9999378592477456
3130,Normal,Cl2 +5,0.40947482,0.9997386440096429
3130,Normal,Cl2 +5,0.3883868,0.9999580093344805
3130,Normal,Cl2 +5,0.39315134,0.9999811928360408
3130,Normal,Cl2 +5,0.49443793,0.9999678617533628
3131,Normal,Cl2 +5,0.3936995,0.9329450141483531
3131,Normal,Cl2 +5,0.45766848,0.8498426059516588
3131,Normal,Cl2 +5,0.54814726,0.9938467862801522
3131,Normal,Cl2 +5,0.5684938,0.9928825559301716
3131,Normal,Cl2 +5,0.58448195,0.9965889835178917
3131,Normal,Cl2 +5,0.4960133,0.9933668684288363
3131,Normal,Cl2 +5,0.52183235,0.9965631044528849
3131,Normal,Cl2 +5,0.47200245,0.9563030519732714
3131,Normal,Cl2 +5,0.5503674,0.987580308073568
3131,Normal,Cl2 +5,0.46664384,0.9907324184930917
3131,Normal,Cl2 +5,0.56816447,0.9853775786495012
3131,Normal,Cl2 +5,0.5588676,0.9880929368906767
3131,Normal,Cl2 +5,0.21000996,0.9469788189785998
3131,Normal,Cl2 +5,0.50721776,0.9539104397484187
3131,Normal,Cl2 +5,0.50347894,0.9796519141005365
3131,Normal,Cl2 +5,0.5697093,0.9597028588521421
3131,Normal,Cl2 +5,0.71121126,0.9530288074306594
3131,Normal,Cl2 +5,0.7264249,0.911346946900381
3131,Normal,Cl2 +5,0.55925393,0.9860388695233476
3131,Normal,Cl2 +5,0.59273446,0.9640080478494628
3131,Normal,Cl2 +5,0.95406055,0.9989526464629107
3131,Normal,Cl2 +5,1.0686561,0.9955632900044304
3131,Normal,Cl2 +5,1.2025967,0.9973627625292926
3131,Normal,Cl2 +5,0.79614604,0.9975919011041215
3131,Normal,Cl2 +5,0.6641013,0.9795294623294168
3131,Normal,Cl2 +5,0.57192075,0.9961197472051115
3131,Normal,Cl2 +5,0.817032,0.9973284941575143
3131,Normal,Cl2 +5,0.6626561,0.9930523742457131
3131,Normal,Cl2 +5,0.6543044,0.9966329039144111
3131,Normal,Cl2 +5,0.64952356,0.9945443815406548
3131,Normal,Cl2 +5,0.23101734,0.9947450634512358
3131,Normal,Cl2 +5,0.38346896,0.9961250885412096
3131,Normal,Cl2 +5,0.37616643,0.9977547977066085
3131,Normal,Cl2 +5,0.38864008,0.9826613529021563
3131,Normal,Cl2 +5,0.39296117,0.9964179746614368
3131,Normal,Cl2 +5,0.3899432,0.9961178986322162
3131,Normal,Cl2 +5,0.39184,0.993194804484776
3131,Normal,Cl2 +5,0.44347468,0.9984787583012661
3132,Normal,Cl2 +5,0.41235313,0.9956916372425885
3132,Normal,Cl2 +5,0.51726526,0.9920792129648596
3132,Normal,Cl2 +5,0.51561975,0.9876006784334728
3132,Normal,Cl2 +5,0.48435652,0.9369693452051302
3132,Normal,Cl2 +5,0.5582963,0.9955170730939722
3132,Normal,Cl2 +5,0.5647329,0.9435024045286586
3132,Normal,Cl2 +5,0.5348874,0.9614944978760315
3132,Normal,Cl2 +5,0.4957767,0.8687959865208618
3132,Normal,Cl2 +5,0.49009848,0.989283836425021
3132,Normal,Cl2 +5,0.59152514,0.8763661761378028
3132,Normal,Cl2 +5,0.5116617,0.9458878323964985
3132,Normal,Cl2 +5,0.4814,0.9784434378193871
3132,Normal,Cl2 +5,0.28197038,0.9402352778410084
3132,Normal,Cl2 +5,0.42937538,0.9765805527310384
3132,Normal,Cl2 +5,0.50718504,0.9331393466929028
3132,Normal,Cl2 +5,0.6608288,0.9203133164361696
3132,Normal,Cl2 +5,0.7776416,0.9948948764656732
3132,Normal,Cl2 +5,0.619781,0.9622120677570072
3132,Normal,Cl2 +5,0.5737951,0.9933799397975649
3132,Normal,Cl2 +5,0.6172319,0.9972132674521582
3132,Normal,Cl2 +5,0.8362027,0.9780033532578313
3132,Normal,UNKNOWN FAULT,1.107671,0.8419483524331745
3132,Normal,UNKNOWN FAULT,1.227913,0.9920007272463288
3132,Normal,Normal,0.7824382,0.6941202154264923
3132,Normal,Cl2 +5,0.67511797,0.9944218224003037
3132,Normal,Cl2 +5,0.6327646,0.9901392825365174
3132,Normal,Cl2 +5,0.6691819,0.9622619788333802
3132,Normal,Cl2 +5,0.63287073,0.996473688195432
3132,Normal,Cl2 +5,0.6485607,0.9869655868241065
3132,Normal,Cl2 +5,0.634668,0.9994757977268491
3132,Normal,Cl2 +5,0.2534593,0.9906235931446955
3132,Normal,Cl2 +5,0.39441603,0.9943452247062897
3132,Normal,Cl2 +5,0.38055402,0.9800351649702778
3132,Normal,Cl2 +5,0.37310213,0.9757576845805178
3132,Normal,Cl2 +5,0.38473117,0.9977905386319814
3132,Normal,Cl2 +5,0.3726126,0.9550534096558361
3132,Normal,Cl2 +5,0.37755087,0.9761639160567753
3132,Normal,Cl2 +5,0.41379103,0.9933947456534357
3133,Normal,Cl2 +5,0.4468615,0.9952473887429975
3133,Normal,Cl2 +5,0.49070922,0.9928811933895341
3133,Normal,Cl2 +5,0.49072972,0.9940647131988815
3133,Normal,Cl2 +5,0.47017682,0.8396410831610329
3133,Normal,Cl2 +5,0.540244,0.9963532382555105
3133,Normal,Cl2 +5,0.5952519,0.9893592202154495
3133,Normal,Cl2 +5,0.49345577,0.9954221391772484
3133,Normal,Cl2 +5,0.57026386,0.9631052471746209
3133,Normal,Cl2 +5,0.5479559,0.9964778833470588
3133,Normal,Cl2 +5,0.48870212,0.9993102614740158
3133,Normal,Cl2 +5,0.48315406,0.9982509819197118
3133,Normal,Cl2 +5,0.4424476,0.9998122392227907
3133,Normal,Cl2 +5,0.3155969,0.9951585606475355
3133,Normal,Cl2 +5,0.4538209,0.9909190100111931
3133,Normal,Cl2 +5,0.64007056,0.9801558234668618
3133,Normal,Cl2 +5,0.6663722,0.9877437863145297
3133,Normal,Cl2 +5,0.7750593,0.9344018971126904
3133,Normal,Cl2 +5,0.71080816,0.9434292909178762
3133,Normal,Cl2 +5,0.62435704,0.9993653359697674
3133,Normal,Cl2 +5,0.86213726,0.9998917992457786
3133,Normal,Normal,0.8141324,0.988468975287528
3133,Normal,UNKNOWN FAULT,1.1443572,0.8827810423070603
3133,Normal,UNKNOWN FAULT,1.2156179,0.9946964033050327
3133,Normal,UNKNOWN FAULT,1.2010678,0.37491774898195307
3133,Normal,Cl2 +5,0.71228826,0.986906471442407
3133,Normal,Cl2 +5,0.6290931,0.7941937008843122
3133,Normal,BCl3 -5,0.713944,0.994370960666217
3133,Normal,BCl3 -5,0.6857136,0.9995699752469248
3133,Normal,BCl3 -5,0.66536045,0.995576343385257
3133,Normal,BCl3 -5,0.5966475,0.9932293210950028
3133,Normal,BCl3 -5,0.38378483,0.9997438414256243
3133,Normal,BCl3 -5,0.3983157,0.9925680904124277
3133,Normal,BCl3 -5,0.41245392,0.9997304670177651
3133,Normal,BCl3 -5,0.38526386,0.9800329207052632
3133,Normal,BCl3 -5,0.38809055,0.9997857386852911
3133,Normal,Cl2 +5,0.37874168,0.7408183619016263
3133,Normal,BCl3 -5,0.39249143,0.971559475749906
3133,Normal,BCl3 -5,0.4987948,0.9708618983938787
3134,Normal,BCl3 -5,0.5460142,0.9994026642584354
3134,Normal,BCl3 -5,0.619789,0.9999458838909536
3134,Normal,BCl3 -5,0.5905762,0.999493617008397
3134,Normal,BCl3 -5,0.54348195,0.884728354407667
3134,Normal,Normal,0.60717523,0.8902267302534433
3134,Normal,Normal,0.5730453,0.8613121422703283
3134,Normal,Normal,0.6755096,0.9080485459258111
3134,Normal,Normal,0.69942886,0.8889752100373778
3134,Normal,BCl3 -5,0.59748524,0.999978482036866
3134,Normal,BCl3 -5,0.55037177,0.9999053873262582
3134,Normal,BCl3 -5,0.64722836,0.9998863767630135
3134,Normal,BCl3 -5,0.51569986,0.9306409010856839
3134,Normal,BCl3 -5,0.44024912,0.9714375784608544
3134,Normal,Cl2 +5,0.67933065,0.9796284366341619
3134,Normal,UNKNOWN FAULT,0.9955524,0.5837535485870469
3134,Normal,Cl2 +5,1.4633946,0.9249991780400211
3134,Normal,BCl3 -5,1.1171472,0.8251852006460848
3134,Normal,UNKNOWN FAULT,0.9840273,0.6773906671112654
3134,Normal,BCl3 -5,0.87837356,0.9604079129320291
3134,Normal,BCl3 -5,0.70345616,0.9976229020371031
3134,Normal,BCl3 -5,0.8304664,0.999131084512426
3134,Normal,BCl3 -5,1.1169624,0.9153351480431062
3134,Normal,BCl3 -5,1.1970229,0.8431884326808878
3134,Normal,Normal,0.823547,0.4929768309768221
3134,Normal,BCl3 -5,0.65586716,0.9840411361735542
3134,Normal,BCl3 -5,0.648003,0.9991860697949526
3134,Normal,BCl3 -5,0.7935177,0.9987703819925774
3134,Normal,BCl3 -5,0.6991883,0.9999734728731802
3134,Normal,BCl3 -5,0.6855775,0.9998993127216272
3134,Normal,BCl3 -5,0.70124567,0.9998820298735507
3134,Normal,BCl3 -5,0.26143363,0.999009744104452
3134,Normal,BCl3 -5,0.40477332,0.9992572525519534
3134,Normal,BCl3 -5,0.4069406,0.999056775858624
3134,Normal,BCl3 -5,0.39137107,0.9999829565211861
3134,Normal,BCl3 -5,0.39512,0.9999934880134408
3134,Normal,BCl3 -5,0.4321448,0.9999741976701852
3134,Normal,BCl3 -5,0.38720262,0.9999957903591323
3134,Normal,BCl3 -5,0.5129671,0.9998664833899696
3135,Normal,BCl3 -5,0.49128428,0.9997325447902711
3135,Normal,BCl3 -5,0.5400991,0.9998888058531674
3135,Normal,BCl3 -5,0.51040083,0.9999615845130052
3135,Normal,BCl3 -5,0.5325546,0.999824031873975
3135,Normal,BCl3 -5,0.58588475,0.999883404556983
3135,Normal,BCl3 -5,0.5280983,0.9999586444531904
3135,Normal,BCl3 -5,0.551534,0.9998555742422173
3135,Normal,BCl3 -5,0.661009,0.9995421220366846
3135,Normal,BCl3 -5,0.5440334,0.9998407484340428
3135,Normal,BCl3 -5,0.5430972,0.9955595610382673
3135,Normal,BCl3 -5,0.574669,0.9999428407723311
3135,Normal,BCl3 -5,0.4672068,0.9995715199581721
3135,Normal,BCl3 -5,0.25469527,0.9999712523280543
3135,Normal,BCl3 -5,0.34693286,0.9956820216450766
3135,Normal,Cl2 +5,0.57178324,0.9598684035434611
3135,Normal,Cl2 +5,0.669789,0.9227740591026922
3135,Normal,BCl3 -5,0.8852624,0.5268836173541585
3135,Normal,BCl3 -5,0.75874573,0.7412862023482819
3135,Normal,BCl3 -5,0.68949205,0.5698810495158545
3135,Normal,BCl3 -5,0.94089055,0.8261575224176539
3135,Normal,BCl3 -5,0.96980804,0.7800565540878454
3135,Normal,BCl3 -5,0.9904571,0.7490658991705461
3135,Normal,BCl3 -5,1.2260122,0.8081246434310845
3135,Normal,BCl3 -5,0.9890092,0.6266766182251134
3135,Normal,BCl3 -5,0.7491143,0.8374271988524677
3135,Normal,BCl3 -5,0.67187774,0.9423087504719154
3135,Normal,BCl3 -5,0.77538407,0.9988907330949856
3135,Normal,BCl3 -5,0.75713646,0.9853500644808514
3135,Normal,BCl3 -5,0.687865,0.9613449428792794
3135,Normal,BCl3 -5,0.77090406,0.992987302163447
3135,Normal,Normal,0.24486563,0.9987626230871587
3135,Normal,Normal,0.3831266,0.9983727239902624
3135,Normal,Normal,0.47087306,0.9990439683902852
3135,Normal,BCl3 -5,0.4303776,0.9763173702687249
3135,Normal,Normal,0.38546365,0.9974212827331707
3135,Normal,BCl3 -5,0.39357463,0.987896422379822
3135,Normal,BCl3 -5,0.3975464,0.9990566390731399
3135,Normal,BCl3 -5,0.46762708,0.9991070114968885
3136,Normal,BCl3 -5,0.3809604,0.9987451529467438
3136,Normal,BCl3 -5,0.46138296,0.9919160001116952
3136,Normal,BCl3 -5,0.5879977,0.9994928842207735
3136,Normal,BCl3 -5,0.55063355,0.999936733623111
3136,Normal,BCl3 -5,0.5462663,0.9995019093416128
3136,Normal,BCl3 -5,0.4879813,0.9997992766617738
3136,Normal,BCl3 -5,0.57390994,0.9993873173287752
3136,Normal,BCl3 -5,0.54412764,0.9999030545339249
3136,Normal,BCl3 -5,0.6005077,0.9989487438396407
3136,Normal,BCl3 -5,0.56155664,0.9977880509647304
3136,Normal,BCl3 -5,0.48969185,0.9998603531661178
3136,Normal,BCl3 -5,0.39091426,0.9999435451173864
3136,Normal,BCl3 -5,0.33126104,0.9992727537939796
3136,Normal,BCl3 -5,0.592176,0.8903180908711127
3136,Normal,BCl3 -5,0.5682356,0.930492184753934
3136,Normal,BCl3 -5,0.6292417,0.7844339163953982
3136,Normal,BCl3 -5,0.8019791,0.6232782189348252
3136,Normal,Normal,0.731042,0.5511466989634024
3136,Normal,Normal,0.89810777,0.9986747147143401
3136,Normal,BCl3 -5,0.7806926,0.7296974228659114
3136,Normal,UNKNOWN FAULT,1.2169536,0.9516797986177367
3136,Normal,UNKNOWN FAULT,1.0343162,0.8909838421579874
3136,Normal,UNKNOWN FAULT,1.050811,0.7312770617519664
3136,Normal,BCl3 -5,0.87277913,0.8749720357781225
3136,Normal,BCl3 -5,0.9093663,0.8815241809149322
3136,Normal,BCl3 -5,0.72715515,0.9935915672076268
3136,Normal,BCl3 -5,0.72361714,0.9738894872516388
3136,Normal,BCl3 -5,0.7336886,0.9689193503745167
3136,Normal,BCl3 -5,0.74151665,0.9956368743742775
3136,Normal,BCl3 -5,0.6176762,0.982511756076858
3136,Normal,BCl3 -5,0.40988782,0.9983355297379823
3136,Normal,BCl3 -5,0.40941378,0.9997843910618631
3136,Normal,BCl3 -5,0.39284644,0.9983996454853549
3136,Normal,BCl3 -5,0.4021837,0.9992616011650063
3136,Normal,BCl3 -5,0.43826512,0.9783398875645675
3136,Normal,BCl3 -5,0.434402,0.9872251427915593
3136,Normal,BCl3 -5,0.39148772,0.999634697758324
3136,Normal,BCl3 -5,0.46458107,0.9997775944581027
3137,Normal,BCl3 -5,0.3947071,0.9992949726595881
3137,Normal,BCl3 -5,0.4280858,0.9998942794367073
3137,Normal,BCl3 -5,0.49271154,0.999837223758599
3137,Normal,BCl3 -5,0.54475415,0.9998605539611718
3137,Normal,BCl3 -5,0.5231758,0.9996545027772203
3137,Normal,BCl3 -5,0.56003964,0.9999737355448151
3137,Normal,BCl3 -5,0.53552693,0.9999068679390949
3137,Normal,BCl3 -5,0.5614045,0.9994769249817703
3137,Normal,BCl3 -5,0.5192187,0.9999000968182333
3137,Normal,BCl3 -5,0.5617335,0.9994515693058125
3137,Normal,BCl3 -5,0.49064088,0.9998859907974846
3137,Normal,BCl3 -5,0.5093495,0.9999215826464252
3137,Normal,BCl3 -5,0.29208168,0.9999305225020988
3137,Normal,BCl3 -5,0.58938855,0.9729132122090854
3137,Normal,BCl3 -5,0.55327857,0.9586174235735854
3137,Normal,BCl3 -5,0.7223678,0.684064661460811
3137,Normal,Normal,0.860645,0.9884233291673166
3137,Normal,Normal,0.75326633,0.9959063049418567
3137,Normal,Normal,0.67701674,0.849613103991344
3137,Normal,BCl3 -5,0.8707887,0.9879808225017649
3137,Normal,UNKNOWN FAULT,1.2167149,0.902478514434151
3137,Normal,UNKNOWN FAULT,1.1706083,0.9650303185711653
3137,Normal,UNKNOWN FAULT,1.1748353,0.9624651540517041
3137,Normal,UNKNOWN FAULT,1.1249757,0.6165297770194036
3137,Normal,BCl3 -5,0.70866305,0.9630417620389663
3137,Normal,BCl3 -5,0.6650486,0.9992934530464156
3137,Normal,BCl3 -5,0.6609903,0.9966750019955049
3137,Normal,BCl3 -5,0.70141304,0.9660476432354754
3137,Normal,BCl3 -5,0.6629117,0.99888424569955
3137,Normal,BCl3 -5,0.6417224,0.9998480698150285
3137,Normal,BCl3 -5,0.41693905,0.9982196225554317
3137,Normal,BCl3 -5,0.40139425,0.9983497396014993
3137,Normal,BCl3 -5,0.39805803,0.9961971243353848
3137,Normal,BCl3 -5,0.40279812,0.9999581844557002
3137,Normal,BCl3 -5,0.3922753,0.9999590284889058
3137,Normal,BCl3 -5,0.39490798,0.9997401485640819
3137,Normal,BCl3 -5,0.4126393,0.9997353497585227
3137,Normal,BCl3 -5,0.46239477,0.9998339694006682
3138,Normal,BCl3 -5,0.37011498,0.9525895541113355
3138,Normal,Normal,0.7586015,0.9974927876483297
3138,Normal,BCl3 -5,0.7587541,0.9998029398042216
3138,Normal,BCl3 -5,0.5224958,0.9998530519734327
3138,Normal,BCl3 -5,0.5609111,0.9932878578517396
3138,Normal,BCl3 -5,0.5257753,0.9993335331652068
3138,Normal,BCl3 -5,0.63670564,0.9982566509822383
3138,Normal,BCl3 -5,0.5426958,0.9994150895487887
3138,Normal,BCl3 -5,2.3040042,0.999337446803452
3138,Normal,BCl3 -5,0.54349446,0.9990416120003195
3138,Normal,BCl3 -5,0.59799546,0.9998735572014784
3138,Normal,BCl3 -5,0.51419574,0.9998347390449267
3138,Normal,BCl3 -5,0.3181657,0.9992095690217003
3138,Normal,BCl3 -5,0.4699906,0.9966344035173199
3138,Normal,BCl3 -5,0.5723295,0.7231866045209314
3138,Normal,BCl3 -5,0.7125299,0.9893305394689946
3138,Normal,BCl3 -5,0.8138917,0.8274081207936919
3138,Normal,Normal,0.5964611,0.9985241049939413
3138,Normal,BCl3 -5,0.71092016,0.9816840609794716
3138,Normal,Normal,0.64623266,0.5117028609665079
3138,Normal,BCl3 -5,0.8771526,0.8175460254943872
3138,Normal,UNKNOWN FAULT,0.99984044,0.9981065261143924
3138,Normal,UNKNOWN FAULT,1.3541487,0.9965417872980622
3138,Normal,UNKNOWN FAULT,1.0344886,0.9999979729182175
3138,Normal,BCl3 -5,0.7895615,0.6196652612356252
3138,Normal,BCl3 -5,0.62650084,0.8210200048571261
3138,Normal,BCl3 -5,0.7226133,0.9910473075665596
3138,Normal,BCl3 -5,0.7043827,0.8063162483862172
3138,Normal,BCl3 -5,0.6583104,0.9997282742947303
3138,Normal,BCl3 -5,0.7490434,0.9972096161525331
3138,Normal,BCl3 -5,0.2404824,0.9959168680806466
3138,Normal,BCl3 -5,0.41804507,0.9998537032904924
3138,Normal,BCl3 -5,0.38899234,0.99987998945841
3138,Normal,BCl3 -5,0.42410538,0.9979910302334868
3138,Normal,BCl3 -5,0.44464433,0.9968621006435662
3138,Normal,BCl3 -5,0.39893216,0.9999609223257856
3138,Normal,BCl3 -5,0.39457765,0.9999145045014569
3138,Normal,BCl3 -5,0.4495378,0.9996938737367018
3139,Normal,BCl3 -5,0.41185966,0.9997716269820174
3139,Normal,BCl3 -5,0.5543174,0.9998421573952649
3139,Normal,BCl3 -5,0.55792284,0.9994513841047952
3139,Normal,BCl3 -5,0.52603215,0.9999000827230119
3139,Normal,BCl3 -5,0.6355122,0.9982697044059646
3139,Normal,BCl3 -5,0.5853755,0.9989054386829928
3139,Normal,BCl3 -5,0.49739033,0.9998535679734624
3139,Normal,BCl3 -5,0.5501118,0.9998474535261493
3139,Normal,BCl3 -5,0.5128467,0.998310574897068
3139,Normal,BCl3 -5,0.51777256,0.9998953764555782
3139,Normal,BCl3 -5,0.59309936,0.9996587883056586
3139,Normal,BCl3 -5,0.43659937,0.9998713289591326
3139,Normal,BCl3 -5,0.3233136,0.9998822529968072
3139,Normal,BCl3 -5,0.6108364,0.9971825293363573
3139,Normal,BCl3 -5,0.50566256,0.9569863289105642
3139,Normal,BCl3 -5,0.7506472,0.6963312997033563
3139,Normal,BCl3 -5,0.74596703,0.8359394862584801
3139,Normal,BCl3 -5,0.6973542,0.825129792040431
3139,Normal,BCl3 -5,0.5930922,0.701992310993871
3139,Normal,BCl3 -5,0.72575104,0.9837314075665539
3139,Normal,UNKNOWN FAULT,0.90650463,0.9915485771419393
3139,Normal,UNKNOWN FAULT,1.2802808,0.9323529963823178
3139,Normal,UNKNOWN FAULT,1.4100283,0.9866498468133102
3139,Normal,UNKNOWN FAULT,1.0976373,0.5604627354487369
3139,Normal,BCl3 -5,0.71535224,0.7485858692272273
3139,Normal,BCl3 -5,0.585203,0.9986170730963284
3139,Normal,BCl3 -5,0.7113424,0.9965933172916968
3139,Normal,BCl3 -5,0.73207945,0.998234561158622
3139,Normal,BCl3 -5,0.6146062,0.9998557484693628
3139,Normal,BCl3 -5,0.5698379,0.9918566802198114
3139,Normal,BCl3 -5,0.3786628,0.9998947035169506
3139,Normal,Normal,0.66072315,0.9891988292701309
3139,Normal,BCl3 -5,0.402932,0.9983117915107428
3139,Normal,BCl3 -5,0.37982532,0.9999159926628394
3139,Normal,BCl3 -5,0.41033286,0.999283635096039
3139,Normal,Normal,0.40268564,0.9807415516000865
3139,Normal,BCl3 -5,0.38260257,0.9988492019310564
3139,Normal,BCl3 -5,0.48464155,0.998765542795791
3140,Normal,BCl3 -5,0.39774367,0.9997968226609636
3140,Normal,BCl3 -5,0.43490055,0.9998843957310872
3140,Normal,BCl3 -5,0.5352388,0.999926779809299
3140,Normal,BCl3 -5,0.6519964,0.9999531267224112
3140,Normal,BCl3 -5,0.51311326,0.9999722169022675
3140,Normal,BCl3 -5,0.58939475,0.9999700449494098
3140,Normal,BCl3 -5,0.71427447,0.9991872175697
3140,Normal,BCl3 -5,0.553424,0.9999619704991429
3140,Normal,BCl3 -5,0.48526537,0.9998124911909031
3140,Normal,BCl3 -5,0.49500763,0.9998684023232741
3140,Normal,BCl3 -5,0.52616966,0.9998399883552777
3140,Normal,BCl3 -5,0.49572238,0.9999228348712712
3140,Normal,BCl3 -5,0.3713214,0.9990686991166564
3140,Normal,BCl3 -5,0.5605228,0.9980177492052813
3140,Normal,BCl3 -5,0.6295383,0.9697939711994596
3140,Normal,BCl3 -5,0.6081927,0.8641818331265725
3140,Normal,Normal,0.779423,0.5055251488276203
3140,Normal,BCl3 -5,0.7444648,0.5202765950191388
3140,Normal,BCl3 -5,0.5960391,0.9567330080160973
3140,Normal,BCl3 -5,0.76253164,0.9952864286644345
3140,Normal,Cl2 +5,0.8987874,0.45998379576172665
3140,Normal,UNKNOWN FAULT,0.9811385,0.4408249555153855
3140,Normal,BCl3 -5,1.1516613,0.7066199217502993
3140,Normal,BCl3 -5,1.0941396,0.8821051491425315
3140,Normal,BCl3 -5,0.6965591,0.8976416192813692
3140,Normal,Normal,0.66032875,0.9974749917534946
3140,Normal,BCl3 -5,0.7812334,0.9878125626529451
3140,Normal,BCl3 -5,0.6927058,0.990666997689926
3140,Normal,Normal,0.69744736,0.992163753082225
3140,Normal,BCl3 -5,0.644644,0.9773086885250253
3140,Normal,Normal,0.5470363,0.9987309414844034
3140,Normal,UNKNOWN FAULT,0.90731233,0.9990349187357727
3140,Normal,BCl3 -5,0.40432212,0.9480785211217532
3140,Normal,BCl3 -5,0.42692202,0.911582091745408
3140,Normal,BCl3 -5,0.38177526,0.997160408049166
3140,Normal,BCl3 -5,0.3873238,0.9894780580418899
3140,Normal,BCl3 -5,0.3861682,0.9991117102107291
3140,Normal,BCl3 -5,0.41721925,0.9984479661917754
3141,BCl3 -5,BCl3 -5,0.62686634,0.999999070409125
3141,BCl3 -5,BCl3 -5,0.5160023,0.999998895933906
3141,BCl3 -5,BCl3 -5,0.66895527,0.9999993564116144
3141,BCl3 -5,BCl3 -5,0.57219577,0.999999393677271
3141,BCl3 -5,BCl3 -5,0.6568125,0.9999991919652328
3141,BCl3 -5,BCl3 -5,0.59818906,0.9999995722045019
3141,BCl3 -5,BCl3 -5,0.60463566,0.9999996071860966
3141,BCl3 -5,BCl3 -5,0.6240085,0.9999991237961193
3141,BCl3 -5,BCl3 -5,0.56763303,0.9999996035753989
3141,BCl3 -5,BCl3 -5,0.59629196,0.9999997259239516
3141,BCl3 -5,BCl3 -5,0.53580374,0.9999997111920856
3141,BCl3 -5,BCl3 -5,0.4435247,0.9999996387764595
3141,BCl3 -5,BCl3 -5,0.3586416,0.9999996109845694
3141,BCl3 -5,BCl3 -5,0.5216222,0.9999994168076421
3141,BCl3 -5,BCl3 -5,0.6393023,0.9999993439851105
3141,BCl3 -5,BCl3 -5,0.8198603,0.9999994216972241
3141,BCl3 -5,BCl3 -5,0.8564401,0.9999996527436461
3141,BCl3 -5,BCl3 -5,0.9587859,0.9999993713927088
3141,BCl3 -5,BCl3 -5,0.6168086,0.9999991639131371
3141,BCl3 -5,BCl3 -5,0.8403193,0.9999974884294013
3141,BCl3 -5,BCl3 -5,0.8434085,0.999999041505297
3141,BCl3 -5,BCl3 -5,1.0614113,0.9999982494627111
3141,BCl3 -5,BCl3 -5,1.1356353,0.9999979969774371
3141,BCl3 -5,BCl3 -5,1.1168549,0.9999992602503568
3141,BCl3 -5,BCl3 -5,0.70936936,0.9999991561310806
3141,BCl3 -5,BCl3 -5,0.65422505,0.9999993351196985
3141,BCl3 -5,BCl3 -5,0.6462939,0.999999594667154
3141,BCl3 -5,BCl3 -5,0.7098781,0.9999988793960727
3141,BCl3 -5,BCl3 -5,0.6123558,0.9999996766029982
3141,BCl3 -5,BCl3 -5,0.60423625,0.9999994079420346
3141,BCl3 -5,BCl3 -5,0.39378002,0.9999995075617909
3141,BCl3 -5,BCl3 -5,0.3986985,0.9999993439052869
3141,BCl3 -5,BCl3 -5,0.39299393,0.9999986471041553
3141,BCl3 -5,BCl3 -5,0.3851688,0.9999994515654552
3141,BCl3 -5,BCl3 -5,0.3921908,0.9999992539473274
3141,BCl3 -5,BCl3 -5,0.40215787,0.9999994698160226
3141,BCl3 -5,BCl3 -5,0.39267462,0.9999993318478658
3141,BCl3 -5,BCl3 -5,0.47419593,0.9999997115440121
3142,Pr +2,Pr +2,0.41691768,0.9999991935585268
3142,Pr +2,Pr +2,0.58987314,0.9999994986792153
3142,Pr +2,Pr +2,0.45858663,0.9999994819215463
3142,Pr +2,Pr +2,0.43319353,0.9999997380236461
3142,Pr +2,Pr +2,0.4639419,0.9999986906479319
3142,Pr +2,Pr +2,0.46951348,0.9999983580336571
3142,Pr +2,Pr +2,0.4237081,0.9999990075883319
3142,Pr +2,Pr +2,0.44040886,0.9999996721627586
3142,Pr +2,Pr +2,0.4323041,0.9999997260895106
3142,Pr +2,Pr +2,0.47033074,0.9999998167918485
3142,Pr +2,Pr +2,0.44631416,0.9999994672831847
3142,Pr +2,Pr +2,0.28198206,0.9999994659933663
3142,Pr +2,Pr +2,0.4595319,0.999999610286602
3142,Pr +2,Pr +2,0.4000026,0.9999994285508375
3142,Pr +2,Pr +2,0.44800985,0.9999997061879371
3142,Pr +2,Pr +2,0.5704659,0.9999847969201503
3142,Pr +2,Pr +2,0.641168,0.9999915320807043
3142,Pr +2,Pr +2,0.49253517,0.9999893301845616
3142,Pr +2,Pr +2,0.6003567,0.9999938624303685
3142,Pr +2,Pr +2,0.5177973,0.9999980379631344
3142,Pr +2,Pr +2,0.55497295,0.9999925903047368
3142,Pr +2,Pr +2,0.6669064,0.999997637274093
3142,Pr +2,Pr +2,0.83861744,0.9999968518395392
3142,Pr +2,Pr +2,1.188543,0.9999969259086424
3142,Pr +2,Pr +2,0.63232666,0.9999993120998956
3142,Pr +2,Pr +2,0.50595295,0.9999936518689913
3142,Pr +2,Pr +2,0.5065377,0.9999988112573615
3142,Pr +2,Pr +2,0.5549402,0.9999993712483201
3142,Pr +2,Pr +2,0.37056074,0.9999995626296975
3142,Pr +2,Pr +2,0.32857034,0.9999996185916753
3142,Pr +2,Pr +2,0.32738572,0.999999690867957
3142,Pr +2,Pr +2,0.34086365,0.9999988632289896
3142,Pr +2,Pr +2,0.3388754,0.9999994340788355
3142,Pr +2,Pr +2,0.36312068,0.9999997048678758
3142,Pr +2,Pr +2,0.35110894,0.9999997366561088
3142,Pr +2,Pr +2,0.3518775,0.9999996582233539
3142,Pr +2,Pr +2,0.32225794,0.9999996566048635
3142,Pr +2,Pr +2,0.36333779,0.9999987799935803
3143,TCP -20,TCP -20,0.3783781,0.9999994239020008
3143,TCP -20,TCP -20,0.42312863,0.999999412630328
3143,TCP -20,TCP -20,0.4349562,0.9999995939139644
3143,TCP -20,TCP -20,0.47889897,0.9999995024287713
3143,TCP -20,TCP -20,0.5516105,0.9999996978253616
3143,TCP -20,TCP -20,0.4543117,0.9999996972971162
3143,TCP -20,TCP -20,0.45591977,0.9999997331737965
3143,TCP -20,TCP -20,0.42027065,0.9999995083521841
3143,TCP -20,TCP -20,0.4402291,0.9999993737397904
3143,TCP -20,TCP -20,0.45978728,0.9999996184825185
3143,TCP -20,TCP -20,0.41703182,0.9999997200000221
3143,TCP -20,TCP -20,0.42083606,0.9999996876636855
3143,TCP -20,TCP -20,0.31978783,0.9999996297789983
3143,TCP -20,TCP -20,0.4899581,0.99999934484054
3143,TCP -20,TCP -20,0.452878,0.9999991268538552
3143,TCP -20,TCP -20,0.4171825,0.9999974814485861
3143,TCP -20,TCP -20,0.6707371,0.999999362602323
3143,TCP -20,TCP -20,0.59466064,0.9999989434790235
3143,TCP -20,TCP -20,0.4119584,0.9999989682695161
3143,TCP -20,TCP -20,0.38723347,0.9999989998554417
3143,TCP -20,TCP -20,0.5416984,0.9999973198021371
3143,TCP -20,TCP -20,0.6958591,0.9999970695950948
3143,TCP -20,TCP -20,1.1268238,0.9999962031448765
3143,TCP -20,TCP -20,0.60093534,0.999995161835733
3143,TCP -20,TCP -20,0.5395333,0.99999336892164
3143,TCP -20,TCP -20,0.6142605,0.9999993227301995
3143,TCP -20,TCP -20,0.6251543,0.999999614319413
3143,TCP -20,TCP -20,0.62477726,0.9999997192025711
3143,TCP -20,TCP -20,0.5558144,0.9999995543405794
3143,TCP -20,TCP -20,0.6016992,0.999999443113388
3143,TCP -20,TCP -20,0.2513865,0.9999995120783556
3143,TCP -20,TCP -20,0.37906268,0.9999995914580274
3143,TCP -20,TCP -20,0.35416597,0.9999996043910497
3143,TCP -20,TCP -20,0.36903343,0.99999965281988
3143,TCP -20,TCP -20,0.32533398,0.9999997291332402
3143,TCP -20,TCP -20,0.32912624,0.9999997007659754
3143,TCP -20,TCP -20,0.32648453,0.9999995140835024
3143,TCP -20,TCP -20,0.3830333,0.9999988901443301
3301,Normal,Normal,0.29299387,0.9999878357350809
3301,Normal,Normal,0.25869986,0.9999655902258815
3301,Normal,Normal,0.30739293,0.9998964275483512
3301,Normal,Normal,0.26476878,0.9999736052396908
3301,Normal,Normal,0.2652137,0.9999775753002653
3301,Normal,Normal,0.26987225,0.9999878779566352
3301,Normal,Normal,0.37123305,0.9999959635309834
3301,Normal,Normal,0.31419125,0.9999813097405765
3301,Normal,Normal,0.26546192,0.999833893038067
3301,Normal,Normal,0.26050755,0.999977153635235
3301,Normal,Normal,0.32397622,0.99997775216727
3301,Normal,Normal,0.2730785,0.9999598581298749
3301,Normal,Normal,0.39873523,0.999952899146884
3301,Normal,Normal,0.37795252,0.9998664561898288
3301,Normal,Normal,0.3782107,0.9998244974276398
3301,Normal,Normal,0.44368932,0.9996537580468753
3301,Normal,Normal,0.45959106,0.9519845900079176
3301,Normal,Normal,0.36398712,0.9407550771692657
3301,Normal,Normal,0.3742044,0.9389227984615168
3301,Normal,Normal,0.4006679,0.95441622603138
3301,Normal,Normal,0.43872586,0.8934937235184812
3301,Normal,Normal,0.5914627,0.8977906001507613
3301,Normal,Cl2 +5,0.5277495,0.8699361830950388
3301,Normal,Normal,0.51544136,0.9999526394974005
3301,Normal,Normal,0.587099,0.9999884493479496
3301,Normal,Normal,0.67282414,0.9999843039402289
3301,Normal,Normal,0.6902905,0.999994228425353
3301,Normal,Normal,0.7021028,0.9999863874248295
3301,Normal,Normal,0.6742001,0.9999959491617472
3301,Normal,Normal,0.64542496,0.9999946532620048
3301,Normal,Normal,0.21673962,0.9999938895290048
3301,Normal,Normal,0.27512154,0.9999848318590843
3301,Normal,Normal,0.2770324,0.999985299465
3301,Normal,Normal,0.31877175,0.999999234084193
3301,Normal,Normal,0.28270957,0.9999847182103133
3301,Normal,Normal,0.2723681,0.9999964594647076
3301,Normal,Normal,0.27703318,0.9999857464524621
3301,Normal,Normal,0.36397755,0.999983103328138
3302,Normal,Normal,0.4169003,0.999994851723735
3302,Normal,Normal,0.27786723,0.9999986586317253
3302,Normal,Normal,0.32125652,0.9999958174548662
3302,Normal,Normal,0.26869518,0.9999974988939991
3302,Normal,Normal,0.3510267,0.9999981210631174
3302,Normal,Normal,0.25372598,0.9999974540421321
3302,Normal,Normal,0.3037193,0.9999971538880512
3302,Normal,Normal,0.33217922,0.9999948366657635
3302,Normal,Normal,0.28552034,0.9999952954728389
3302,Normal,Normal,0.29839084,0.9999960381302445
3302,Normal,Normal,0.35387263,0.9999972724253458
3302,Normal,Normal,0.27404052,0.9999982674630973
3302,Normal,Normal,0.33194524,0.9999898582451611
3302,Normal,Normal,0.50564724,0.9999930984329438
3302,Normal,Normal,0.4114002,0.9999818085018195
3302,Normal,Normal,0.49509394,0.9995021422495479
3302,Normal,UNKNOWN FAULT,1.117955,0.9674795202863067
3302,Normal,Normal,0.4046327,0.9411449644036581
3302,Normal,Normal,0.37851897,0.9727508238795923
3302,Normal,Normal,0.39954263,0.9482764802873072
3302,Normal,Normal,0.58861834,0.930094634273462
3302,Normal,Normal,0.45973763,0.9242815172428591
3302,Normal,Cl2 +5,0.5322514,0.7980946119579334
3302,Normal,Normal,0.50934714,0.7279541101902303
3302,Normal,Normal,0.5599104,0.9999968193579097
3302,Normal,Normal,0.79329544,0.9999964441920982
3302,Normal,Normal,0.6633146,0.9999875707272442
3302,Normal,Normal,0.66532123,0.9999867115272465
3302,Normal,Normal,0.80587286,0.9999890909517617
3302,Normal,Normal,0.65734273,0.999997074800565
3302,Normal,Normal,0.23106496,0.999997243544566
3302,Normal,Normal,0.2582913,0.9999967306641082
3302,Normal,Normal,0.26443633,0.9999925254193089
3302,Normal,Normal,0.30293864,0.999995938790526
3302,Normal,Normal,0.28895703,0.9999929893721088
3302,Normal,Normal,0.26364985,0.9999932980983016
3302,Normal,Normal,0.26021662,0.9999928301626909
3302,Normal,Normal,0.3106021,0.9999904700729055
3303,Normal,Normal,0.29380575,0.999994784343177
3303,Normal,Normal,0.2630143,0.9999976873720223
3303,Normal,Normal,0.28378746,0.9999958622431157
3303,Normal,Normal,0.26327837,0.9999960016749655
3303,Normal,Normal,0.2941059,0.9999970174857101
3303,Normal,Normal,0.29913107,0.9999957824906084
3303,Normal,Normal,0.25686496,0.9999960918961983
3303,Normal,Normal,0.29572856,0.999996192208394
3303,Normal,Normal,0.28190345,0.9999971684257616
3303,Normal,Normal,0.33390877,0.9999959315632171
3303,Normal,Normal,0.3068292,0.9999974383349087
3303,Normal,Normal,0.48621562,0.9999959859849509
3303,Normal,Normal,0.43033502,0.9999969304844804
3303,Normal,Normal,0.6127664,0.9999948211509394
3303,Normal,Normal,0.54786223,0.9999714375728034
3303,Normal,Normal,0.45032945,0.9998756139461171
3303,Normal,Normal,0.3169529,0.9362837525809022
3303,Normal,Normal,0.4103454,0.9190384268562499
3303,Normal,Normal,0.45113286,0.9636947444156825
3303,Normal,Cl2 +5,0.47503936,0.9994048489894636
3303,Normal,Cl2 +5,0.48914996,0.9992967369282503
3303,Normal,Cl2 +5,0.5791317,0.9995756526968567
3303,Normal,Normal,0.52061135,0.5236163087668223
3303,Normal,Normal,0.50159734,0.9999897937126656
3303,Normal,Normal,0.6301122,0.9999983991398241
3303,Normal,Normal,0.60660595,0.9999980570361516
3303,Normal,Normal,0.6190318,0.9999979194629233
3303,Normal,Normal,0.6671029,0.999994348975968
3303,Normal,Normal,0.20941897,0.999997553223531
3303,Normal,Normal,0.27478814,0.9999984802509597
3303,Normal,Normal,0.29758385,0.9999972049674619
3303,Normal,Normal,0.26234904,0.9999933584918638
3303,Normal,Normal,0.26091883,0.9999936138397189
3303,Normal,Normal,0.25657803,0.9999937914275195
3303,Normal,Normal,0.2607643,0.9999936396036132
3303,Normal,Normal,0.26021275,0.9999937098893007
3303,Normal,Normal,0.25572845,0.9999936660522789
3303,Normal,Normal,0.30630893,0.9999887092898321
3304,Normal,Normal,0.29658365,0.9999871601429463
3304,Normal,Normal,0.2990477,0.9999879689965182
3304,Normal,Normal,0.37697634,0.9999946185438665
3304,Normal,Normal,0.31911308,0.9999980622155973
3304,Normal,Normal,0.34617236,0.9999979992800171
3304,Normal,Normal,0.28436196,0.9999952509303356
3304,Normal,Normal,0.2335713,0.9999951362956445
3304,Normal,Normal,0.24776644,0.9999953922124193
3304,Normal,Normal,0.33746547,0.9999973027273117
3304,Normal,Normal,0.32457125,0.999995875699095
3304,Normal,Normal,0.29309446,0.9999928618495574
3304,Normal,Normal,0.28324077,0.9999969137683697
3304,Normal,Normal,0.29285288,0.9999914303278208
3304,Normal,Normal,0.31291786,0.9999958045549825
3304,Normal,Normal,0.3367796,0.999958577928063
3304,Normal,Normal,0.63223994,0.999933790079285
3304,Normal,Normal,0.5318842,0.9328725999639325
3304,Normal,Normal,0.36811963,0.9381529657122801
3304,Normal,Normal,0.37357914,0.9464762032945554
3304,Normal,Normal,0.4074017,0.945180922345237
3304,Normal,Normal,0.4501635,0.9344043544010229
3304,Normal,Normal,0.5756279,0.930524717261114
3304,Normal,Cl2 +5,0.6821835,0.9989300899099652
3304,Normal,Normal,0.55377305,0.9983726658279329
3304,Normal,Normal,0.5643546,0.9999917395375802
3304,Normal,Normal,0.61868954,0.9999901765254385
3304,Normal,Normal,0.6320109,0.999995332131293
3304,Normal,Normal,0.6590306,0.9999954470221791
3304,Normal,Normal,0.6891291,0.9999912632176013
3304,Normal,Normal,0.6277527,0.9999917069141695
3304,Normal,Normal,0.6254642,0.9999952176438536
3304,Normal,Normal,0.2690582,0.9999889258336361
3304,Normal,Normal,0.25668168,0.9999891323174773
3304,Normal,Normal,0.27082047,0.9999901335890713
3304,Normal,Normal,0.28844506,0.9999966060283106
3304,Normal,Normal,0.28106263,0.9999964446912103
3304,Normal,Normal,0.2678553,0.9999936114593234
3304,Normal,Normal,0.33217818,0.99998824744924
3305,Normal,Normal,0.27281636,0.9999869654178095
3305,Normal,Normal,0.30957085,0.9999960775909648
3305,Normal,Normal,0.29217106,0.9999862924474855
3305,Normal,Normal,0.2864297,0.9999978453104903
3305,Normal,Normal,0.27111763,0.9999945458913283
3305,Normal,Normal,0.27222306,0.9999944854254724
3305,Normal,Normal,0.3352491,0.9999946801640115
3305,Normal,Normal,0.31058767,0.9999936007805034
3305,Normal,Normal,0.2889723,0.9999948229110609
3305,Normal,Normal,0.2911362,0.9999960300379919
3305,Normal,Normal,0.2500095,0.9999971397038926
3305,Normal,Normal,0.25310892,0.9999962431871393
3305,Normal,Normal,0.3187716,0.9999966969275452
3305,Normal,Normal,0.356585,0.9999931108229233
3305,Normal,Normal,0.41329452,0.9999411346510424
3305,Normal,Normal,0.4429428,0.9998434026834335
3305,Normal,Normal,0.54703796,0.9422097223382832
3305,Normal,Normal,0.46322438,0.926417158573718
3305,Normal,Normal,0.33469146,0.919090773734757
3305,Normal,Cl2 +5,0.416217,0.9995236221194612
3305,Normal,Cl2 +5,0.4960279,0.9997317933314944
3305,Normal,Cl2 +5,0.505172,0.9983379226415822
3305,Normal,Normal,0.49904978,0.6559387418040757
3305,Normal,Normal,0.5237886,0.9999840643220798
3305,Normal,Normal,0.5596414,0.9999923709644495
3305,Normal,Normal,0.6420432,0.9999945106111762
3305,Normal,Normal,0.63999474,0.9999947983199277
3305,Normal,Normal,0.6427503,0.9999944990593597
3305,Normal,Normal,0.6288184,0.9999947749710592
3305,Normal,Normal,0.61254466,0.9999941263280094
3305,Normal,Normal,0.20582162,0.9999936765625804
3305,Normal,Normal,0.26139033,0.9999931857750148
3305,Normal,Normal,0.27660015,0.9999927321173462
3305,Normal,Normal,0.31319937,0.9999996022365948
3305,Normal,Normal,0.2572291,0.9999958247095788
3305,Normal,Normal,0.2557088,0.9999887308265947
3305,Normal,Normal,0.26422408,0.9999714616590797
3305,Normal,Normal,0.36611643,0.9999894677705177
3307,Normal,Normal,0.3492662,0.9999705021101323
3307,Normal,Normal,0.28117096,0.9999900593723346
3307,Normal,Normal,0.34883717,0.9999717423172465
3307,Normal,Normal,0.29385462,0.9999971716938343
3307,Normal,Normal,0.2989539,0.9999972087911619
3307,Normal,Normal,0.2774369,0.999991226966055
3307,Normal,Normal,0.26133475,0.9999886482817397
3307,Normal,Normal,0.3511981,0.9999841423694373
3307,Normal,Normal,0.28757247,0.9999952327233353
3307,Normal,Normal,0.32073942,0.999995482705588
3307,Normal,Normal,0.31699112,0.9999956862153897
3307,Normal,Normal,0.28731012,0.9999891600186503
3307,Normal,Normal,0.3097906,0.9999782931720171
3307,Normal,Normal,0.46750915,0.9999609765600221
3307,Normal,Normal,0.36339343,0.9999473203642464
3307,Normal,Normal,0.5100262,0.9999444861311426
3307,Normal,Normal,0.40334788,0.9484191524155381
3307,Normal,Normal,0.37354946,0.9229647339781825
3307,Normal,Normal,0.31904897,0.907858244240417
3307,Normal,Normal,0.49916404,0.9273410935618257
3307,Normal,Normal,0.5315081,0.9259342322919746
3307,Normal,Normal,0.5234496,0.8986899318585088
3307,Normal,Cl2 +5,0.6527206,0.8253829272800295
3307,Normal,Normal,0.554885,0.999963319167475
3307,Normal,Normal,0.6437433,0.9999578051808214
3307,Normal,Normal,0.58553123,0.9999819301117283
3307,Normal,Normal,0.7466175,0.9999807785191934
3307,Normal,Normal,0.74419767,0.9999762893530335
3307,Normal,Normal,0.6119274,0.999972928539027
3307,Normal,Normal,0.6015959,0.9999863650130955
3307,Normal,Normal,0.2623884,0.9999600438317592
3307,Normal,Normal,0.2710789,0.999975059909367
3307,Normal,Normal,0.2634174,0.9999635016904875
3307,Normal,Normal,0.25577468,0.9999611937722974
3307,Normal,Normal,0.2600325,0.999968217869428
3307,Normal,Normal,0.26672733,0.9999682591762642
3307,Normal,Normal,0.2596067,0.9999657274198371
3307,Normal,Normal,0.31075352,0.9999426385602278
3308,Normal,Normal,0.3234389,0.9999782749309813
3308,Normal,Normal,0.28486708,0.9999899921261899
3308,Normal,Normal,0.31475148,0.9999667239983658
3308,Normal,Normal,0.29294437,0.9999901950793207
3308,Normal,Normal,0.28924653,0.9999902562018756
3308,Normal,Normal,0.276933,0.9999737735076468
3308,Normal,Normal,0.30636564,0.9999950961857013
3308,Normal,Normal,0.26222062,0.9999925051730434
3308,Normal,Normal,0.3082585,0.9999939735772391
3308,Normal,Normal,0.30332994,0.9999953321811942
3308,Normal,Normal,0.31260392,0.9999917919808814
3308,Normal,Normal,0.27057073,0.9999937688020641
3308,Normal,Normal,0.40613782,0.9999925468909266
3308,Normal,Normal,0.43656552,0.9999873070775799
3308,Normal,Normal,0.4106493,0.9999597818262755
3308,Normal,Normal,0.37963068,0.9999523493185585
3308,Normal,Normal,0.4051211,0.9639448731223906
3308,Normal,Normal,0.31156355,0.9188365636673433
3308,Normal,Normal,0.29237863,0.9466986783524617
3308,Normal,Normal,0.43611282,0.9473494950558241
3308,Normal,Normal,0.53213286,0.9115156595226923
3308,Normal,Normal,0.5048868,0.9435351725766401
3308,Normal,Cl2 +5,0.58408904,0.9485608266835585
3308,Normal,Normal,0.58623046,0.9999761134671246
3308,Normal,Normal,0.66974866,0.9999387184217765
3308,Normal,Normal,0.68173754,0.9999374700019149
3308,Normal,Normal,0.63210386,0.9999874096609124
3308,Normal,Normal,0.6817885,0.9999824818822989
3308,Normal,Normal,0.6076822,0.9999561934062267
3308,Normal,Normal,0.60808235,0.9999582072363424
3308,Normal,Normal,0.22047535,0.9998220414362383
3308,Normal,Normal,0.3092181,0.9999460311916145
3308,Normal,Normal,0.26617464,0.9969017734657545
3308,Normal,Normal,0.28001684,0.9999664069119687
3308,Normal,Normal,0.26976213,0.999955861988226
3308,Normal,Normal,0.2651017,0.9999955702745718
3308,Normal,Normal,0.28090632,0.9999870808798734
3308,Normal,Normal,0.3139757,0.9999723071945383
3309,Normal,Normal,0.2801201,0.999977565329995
3309,Normal,Normal,0.28629458,0.9999887975152838
3309,Normal,Normal,0.28024608,0.9999798883206827
3309,Normal,Normal,0.29657245,0.9999863366263827
3309,Normal,Normal,0.2815578,0.9999919632580866
3309,Normal,Normal,0.2350929,0.9999912617909379
3309,Normal,Normal,0.2705672,0.9999945644315881
3309,Normal,Normal,0.28911152,0.9999915565162858
3309,Normal,Normal,0.3080716,0.9999954944624683
3309,Normal,Normal,0.28340378,0.9999940215918286
3309,Normal,Normal,0.36827353,0.9999965305979359
3309,Normal,Normal,0.24890542,0.9999939006254627
3309,Normal,Normal,0.24332748,0.9999952225713313
3309,Normal,Normal,0.3726774,0.9999926021433714
3309,Normal,Normal,0.3491584,0.9999398366431147
3309,Normal,Normal,0.3616499,0.9999253552081679
3309,Normal,Normal,0.46555203,0.9479132531844391
3309,Normal,Normal,0.35059726,0.925343038779269
3309,Normal,Normal,0.31914222,0.9360341804653778
3309,Normal,Normal,0.3909727,0.9264368524068161
3309,Normal,Normal,0.43531317,0.961678998870401
3309,Normal,Normal,0.48015794,0.9312510967713955
3309,Normal,Cl2 +5,0.51447225,0.7495406288428748
3309,Normal,Normal,0.4905428,0.9999982908511083
3309,Normal,Normal,0.5619317,0.9999557516421278
3309,Normal,Normal,0.62540805,0.9999639860880457
3309,Normal,Normal,0.60195315,0.9999744710146781
3309,Normal,Normal,0.7075135,0.9999732960070835
3309,Normal,Normal,0.60785127,0.9999478524544164
3309,Normal,Normal,0.6413942,0.9999647435427874
3309,Normal,Normal,0.2121912,0.9999475789174597
3309,Normal,Normal,0.26917917,0.9999399206774062
3309,Normal,Normal,0.25980887,0.9999455361163445
3309,Normal,Normal,0.27508005,0.9998865680374835
3309,Normal,Normal,0.2829613,0.9999379707708144
3309,Normal,Normal,0.27263322,0.999955231091942
3309,Normal,Normal,0.2943951,0.9999055902403621
3309,Normal,Normal,0.34402198,0.9999562679528348
3310,Normal,Normal,0.25654274,0.9999835037834577
3310,Normal,Normal,0.26237303,0.9999536483592959
3310,Normal,Normal,0.29957408,0.9999169031443035
3310,Normal,Normal,0.28847197,0.9999931525914371
3310,Normal,Normal,0.27061087,0.9999923591165767
3310,Normal,Normal,0.26955613,0.9999925527893718
3310,Normal,Normal,0.3291923,0.9999942840590811
3310,Normal,Normal,0.2916582,0.9999875129412781
3310,Normal,Normal,0.31732357,0.9999951309186123
3310,Normal,Normal,0.28353328,0.999993348537661
3310,Normal,Normal,0.2703118,0.9999908810876618
3310,Normal,Normal,0.3358108,0.9999954343103973
3310,Normal,Normal,0.3165555,0.999994848985691
3310,Normal,Normal,0.38281173,0.9999893660343666
3310,Normal,Normal,0.40287045,0.9999580280306206
3310,Normal,Normal,0.42030114,0.9994687260636311
3310,Normal,Normal,0.522969,0.9577418655010964
3310,Normal,Normal,0.48195544,0.9981982583858462
3310,Normal,Normal,0.29915977,0.9281512918342134
3310,Normal,Normal,0.4625891,0.9533552462518331
3310,Normal,Normal,0.46896216,0.9167882669217987
3310,Normal,Normal,0.5086723,0.9449695059146058
3310,Normal,Normal,0.5481329,0.9997946322860641
3310,Normal,Normal,0.46366778,0.9998983212489275
3310,Normal,Normal,0.542623,0.9999437585912209
3310,Normal,Normal,0.6420177,0.9999762325040568
3310,Normal,Normal,0.6617873,0.9999657711097114
3310,Normal,Normal,0.62181264,0.9999728016488338
3310,Normal,Normal,0.6046865,0.9999711607523589
3310,Normal,Normal,0.6101974,0.999980855784525
3310,Normal,Normal,0.24388844,0.9999320671624691
3310,Normal,Normal,0.29577294,0.9999654540125418
3310,Normal,Normal,0.28374147,0.9999662060610468
3310,Normal,Normal,0.28847063,0.9999564498940829
3310,Normal,Normal,0.30939463,0.9999581123330402
3310,Normal,Normal,0.28754726,0.9999595118256717
3310,Normal,Normal,0.2891354,0.9999612219580205
3310,Normal,Normal,0.3210988,0.999960732241393
3311,Normal,Normal,0.2744711,0.9999833734275299
3311,Normal,Normal,0.30115134,0.9999879999360299
3311,Normal,Normal,0.31239143,0.9999861618044986
3311,Normal,Normal,0.30032784,0.9999944546923655
3311,Normal,Normal,0.29222757,0.9999926552365983
3311,Normal,Normal,0.2578242,0.9999929275572967
3311,Normal,Normal,0.26546782,0.9999955993865478
3311,Normal,Normal,0.2645832,0.9999962061479528
3311,Normal,Normal,0.29136628,0.9999926179299948
3311,Normal,Normal,0.2515082,0.9999961338189067
3311,Normal,Normal,0.26174042,0.9999958214433221
3311,Normal,Normal,0.43427464,0.9999945245776709
3311,Normal,Normal,0.25370604,0.9999929560185613
3311,Normal,Normal,0.43547556,0.9999877125917044
3311,Normal,Normal,0.35438034,0.9999814967144889
3311,Normal,Normal,0.45872384,0.9999031119212646
3311,Normal,Normal,0.4554361,0.9481436419378122
3311,Normal,Normal,0.3807626,0.9647364484837422
3311,Normal,Normal,0.3398012,0.9318227675130529
3311,Normal,Normal,0.44072804,0.9216575196394516
3311,Normal,Normal,0.6102193,0.928185678573418
3311,Normal,Normal,0.51123536,0.9274181683841615
3311,Normal,Normal,0.5038324,0.9998522045414318
3311,Normal,Normal,0.530487,0.9999967445178151
3311,Normal,Normal,0.5295878,0.9998749046752259
3311,Normal,Normal,0.6037066,0.9999833496049622
3311,Normal,Normal,0.7259889,0.9999474204465387
3311,Normal,Normal,0.6212837,0.9999850393980456
3311,Normal,Normal,0.77347857,0.9999910859670074
3311,Normal,Normal,0.65183175,0.9999818925189632
3311,Normal,Normal,0.19311252,0.9999507014232051
3311,Normal,Normal,0.26295176,0.9999597832588869
3311,Normal,Normal,0.24626844,0.9999660345530798
3311,Normal,Normal,0.2690426,0.9999666798056324
3311,Normal,Normal,0.2623695,0.9999703083510313
3311,Normal,Normal,0.26086172,0.9999562089141055
3311,Normal,Normal,0.26419917,0.999959705946562
3311,Normal,Normal,0.33079773,0.9999572547588216
3312,Normal,Normal,0.4599624,0.9999640566590781
3312,Normal,Normal,0.5412955,0.9999996391436209
3312,Normal,Normal,0.33164358,0.999966566841518
3312,Normal,Normal,0.3742615,0.9999936585825266
3312,Normal,Normal,0.32012713,0.9999904468467742
3312,Normal,Normal,0.31489268,0.9999917685509456
3312,Normal,Normal,0.3590775,0.9999957923459483
3312,Normal,Normal,0.47908664,0.9999909977485909
3312,Normal,Normal,0.32497913,0.9999918251845356
3312,Normal,Normal,0.32441655,0.9999958943583162
3312,Normal,Normal,0.33514667,0.999996762946219
3312,Normal,Normal,0.28372294,0.9999935383596381
3312,Normal,Normal,0.4991767,0.9999814146158844
3312,Normal,Normal,0.4740775,0.9999660830114274
3312,Normal,Normal,0.47157362,0.9399595611410188
3312,Normal,UNKNOWN FAULT,1.5597277,0.9444777416550226
3312,Normal,Normal,0.47427672,0.9484776086673729
3312,Normal,Normal,0.4137693,0.9018648782794687
3312,Normal,Normal,0.35493493,0.8023763299491149
3312,Normal,Normal,0.5413712,0.9021893417938412
3312,Normal,Normal,0.5853051,0.9374976232048399
3312,Normal,Normal,0.626326,0.9158688334187762
3312,Normal,Cl2 +5,0.57919097,0.8436517495030377
3312,Normal,Normal,0.6238721,0.9999296996346738
3312,Normal,Normal,0.71358097,0.9999631463708417
3312,Normal,Normal,0.7445815,0.9999772107570988
3312,Normal,Normal,0.7363527,0.9999785353178005
3312,Normal,Normal,0.7442962,0.9999752617201839
3312,Normal,Normal,0.7621005,0.9999808900351609
3312,Normal,Normal,0.77221966,0.999972041821884
3312,Normal,Normal,0.2270546,0.9999404627423855
3312,Normal,Normal,0.26037502,0.9999626439493073
3312,Normal,Normal,0.26068598,0.9999642561690107
3312,Normal,Normal,0.2702023,0.9999799491569896
3312,Normal,Normal,0.2641022,0.9999691756918427
3312,Normal,Normal,0.27299142,0.9999805653692474
3312,Normal,Normal,0.26404893,0.9999764857748158
3312,Normal,Normal,0.31462365,0.9999410154809601
3313,Normal,Normal,0.3572101,0.9999837223262038
3313,Normal,Normal,0.32702318,0.999982905681476
3313,Normal,Normal,0.27167368,0.999951639042725
3313,Normal,Normal,0.32885945,0.9999916014501387
3313,Normal,Normal,0.28715098,0.9999961890291095
3313,Normal,Normal,0.31851712,0.9999959053638783
3313,Normal,Normal,0.3278802,0.9999965478108844
3313,Normal,Normal,0.3343835,0.9999938597917882
3313,Normal,Normal,0.3323274,0.9999963386047438
3313,Normal,Normal,0.2889573,0.9999944419035953
3313,Normal,Normal,0.35660857,0.9999874714892318
3313,Normal,Normal,0.2798101,0.9999860342320172
3313,Normal,Normal,0.3627725,0.9999853064857359
3313,Normal,Normal,0.4018683,0.999989772355859
3313,Normal,Normal,0.43881503,0.9999720010577184
3313,Normal,Normal,0.5070301,0.9999537308908758
3313,Normal,Normal,0.4416841,0.9471968898960631
3313,Normal,Normal,0.40278825,0.9424022613857368
3313,Normal,Normal,0.41615036,0.9975526717311537
3313,Normal,Normal,0.42773038,0.929015706600525
3313,Normal,Normal,0.55063397,0.9450263779334174
3313,Normal,Normal,0.48917234,0.9413182519047676
3313,Normal,Normal,0.55716914,0.9111385481445108
3313,Normal,Normal,0.5661556,0.9997605405023093
3313,Normal,Normal,0.5756608,0.9999672943200796
3313,Normal,Normal,0.5354828,0.9999707908277649
3313,Normal,Normal,0.67176527,0.9999705931698606
3313,Normal,Normal,0.79260117,0.9999708325744597
3313,Normal,Normal,0.59634894,0.999973332025853
3313,Normal,Normal,0.5731777,0.9999636871871331
3313,Normal,Normal,0.28684902,0.9998983102484017
3313,Normal,Normal,0.27206638,0.9999318775216772
3313,Normal,Normal,0.2679716,0.9999467826090765
3313,Normal,Normal,0.28509372,0.999959892653656
3313,Normal,Normal,0.27332795,0.9999539183911371
3313,Normal,Normal,0.2748239,0.9999848953954117
3313,Normal,Normal,0.27670583,0.9999951773437777
3313,Normal,Normal,0.33045718,0.999950840021891
3314,Normal,Normal,0.31734595,0.9998996546634608
3314,Normal,Normal,0.4054244,0.999982508404722
3314,Normal,Normal,0.30358818,0.9999158013047715
3314,Normal,Normal,0.28677607,0.999986635234458
3314,Normal,Normal,0.26950297,0.9999887185121562
3314,Normal,Normal,0.30058753,0.9999929107495662
3314,Normal,Normal,0.3064163,0.9999848237499737
3314,Normal,Normal,0.2774994,0.999996362313114
3314,Normal,Normal,0.32646796,0.9999775081322033
3314,Normal,Normal,0.29777873,0.9999948264698771
3314,Normal,Normal,0.3397315,0.9999930838382308
3314,Normal,Normal,0.25036818,0.9999935269234471
3314,Normal,Normal,0.26726666,0.9999801863148322
3314,Normal,Normal,0.48956203,0.9999945309867364
3314,Normal,Normal,0.42926794,0.9999634214306704
3314,Normal,Normal,0.40273893,0.9999771073518827
3314,Normal,Normal,0.47709742,0.9677409405508186
3314,Normal,Normal,0.42648578,0.9469191989397902
3314,Normal,Normal,0.30753604,0.9724226806868869
3314,Normal,Normal,0.44382903,0.9743859647361449
3314,Normal,Normal,0.42446417,0.9732464850320474
3314,Normal,Normal,0.5060803,0.9632691425613489
3314,Normal,Normal,0.54830194,0.9639570893646766
3314,Normal,Cl2 +5,0.50887275,0.7391644736533916
3314,Normal,Normal,0.59878665,0.9999767943988026
3314,Normal,Normal,0.55498517,0.9999924611686045
3314,Normal,Normal,0.72186565,0.9999917856546567
3314,Normal,Normal,0.6450227,0.9999836959456081
3314,Normal,Normal,0.5910236,0.9999858740598957
3314,Normal,Normal,0.39397606,0.9999495783408611
3314,Normal,Normal,0.2616409,0.999970658176604
3314,Normal,Normal,0.2622829,0.9999703551869981
3314,Normal,Normal,0.26538804,0.999971829380638
3314,Normal,Normal,0.26953867,0.9999742363111179
3314,Normal,Normal,0.30437866,0.9999850882304927
3314,Normal,Normal,0.26713216,0.9999738325973411
3314,Normal,Normal,0.26371166,0.9999737451769989
3314,Normal,Normal,0.34567037,0.9999028070690003
3315,Normal,Normal,0.39036363,0.9999845544081264
3315,Normal,Normal,0.28856725,0.9999651611559603
3315,Normal,Normal,0.27942196,0.9999680582835897
3315,Normal,Normal,0.31213656,0.9999966852055036
3315,Normal,Normal,0.31335148,0.9999934128882114
3315,Normal,Normal,0.28171447,0.9999944623822102
3315,Normal,Normal,0.29415333,0.9999948584469915
3315,Normal,Normal,0.2769634,0.9999887010377663
3315,Normal,Normal,0.29706854,0.9999947585779883
3315,Normal,Normal,0.28723472,0.999996057444281
3315,Normal,Normal,0.28275844,0.9999962706402945
3315,Normal,Normal,0.2830249,0.9999974130498778
3315,Normal,Normal,0.3171052,0.9999835720750853
3315,Normal,Normal,0.44481185,0.9999765447918327
3315,Normal,Normal,0.4873499,0.9574872347246567
3315,Normal,Normal,0.63121325,0.9281099466406552
3315,Normal,Normal,0.30650824,0.9716968425884398
3315,Normal,Normal,0.31554836,0.965493164129297
3315,Normal,Normal,0.3068667,0.9568898441024972
3315,Normal,Normal,0.46602565,0.9584988535049986
3315,Normal,Normal,0.50393265,0.9646441576100405
3315,Normal,Normal,0.5322624,0.9700398689574281
3315,Normal,Normal,0.5102267,0.9999743717302723
3315,Normal,Normal,0.53049743,0.9999765722938267
3315,Normal,Normal,0.59240377,0.9999755072667095
3315,Normal,Normal,0.66478235,0.9999769745025845
3315,Normal,Normal,0.67253685,0.9999775781028275
3315,Normal,Normal,0.69657737,0.9999809100172231
3315,Normal,Normal,0.6777356,0.9999995950113675
3315,Normal,Normal,0.63267285,0.9999767797272079
3315,Normal,Normal,0.24176036,0.9999849942016049
3315,Normal,Normal,0.2523022,0.9998266774738395
3315,Normal,Normal,0.26039243,0.9999663696078656
3315,Normal,Normal,0.26993006,0.999970620720981
3315,Normal,Normal,0.28297177,0.9999668402248844
3315,Normal,Normal,0.2636976,0.999972841833117
3315,Normal,Normal,0.2627376,0.9999732266936315
3315,Normal,Normal,0.40875247,0.9997581194860825
3316,Normal,Normal,0.5349098,0.9999405648146187
3316,Normal,Normal,0.3503066,0.9999903141200077
3316,Normal,Normal,0.30160382,0.9999864903396565
3316,Normal,Normal,0.307778,0.9999937410585554
3316,Normal,Normal,0.3020061,0.9999945723858754
3316,Normal,Normal,0.30341238,0.9999926042989175
3316,Normal,Normal,0.2842513,0.9999841620424008
3316,Normal,Normal,0.2778609,0.9999882841792255
3316,Normal,Normal,0.3214722,0.999991956886675
3316,Normal,Normal,0.2581686,0.9999926945597285
3316,Normal,Normal,0.30022538,0.9999867793527969
3316,Normal,Normal,0.41146377,0.9999928085554646
3316,Normal,Normal,0.31978732,0.9999931054853795
3316,Normal,Normal,0.4664219,0.9999788390765755
3316,Normal,Normal,0.3562257,0.9815371674817343
3316,Normal,Normal,0.43085167,0.9724163872207678
3316,Normal,Normal,0.5320381,0.9993220858932793
3316,Normal,Normal,0.34404254,0.999015009947321
3316,Normal,Normal,0.33584842,0.964788237817691
3316,Normal,Normal,0.46102384,0.9531123851510788
3316,Normal,Normal,0.49055234,0.9847138498202904
3316,Normal,Normal,0.62435836,0.9580557594055751
3316,Normal,Normal,0.57519084,0.9999714565973169
3316,Normal,Normal,0.5314071,0.9999773222305376
3316,Normal,Normal,0.6404243,0.9999780261274908
3316,Normal,Normal,0.74787545,0.9999744708487392
3316,Normal,Normal,0.75996476,0.9999689001412261
3316,Normal,Normal,0.58522564,0.9999855513144819
3316,Normal,Normal,0.6549911,0.9999856974434128
3316,Normal,Normal,0.6496538,0.9999792568202668
3316,Normal,Normal,0.22650425,0.9999664851926127
3316,Normal,Normal,0.2709469,0.9999663227689404
3316,Normal,Normal,0.2710708,0.9999667054257654
3316,Normal,Normal,0.26593184,0.9999785292206284
3316,Normal,Normal,0.26365843,0.9999817696276768
3316,Normal,Normal,0.27499622,0.9999723401439798
3316,Normal,Normal,0.2711342,0.999971956109924
3316,Normal,Normal,0.30968192,0.9998036410101786
3317,Normal,Normal,0.2739168,0.9999492091281381
3317,Normal,Normal,0.29238397,0.9999856991180796
3317,Normal,Normal,0.28537345,0.9999477793167969
3317,Normal,Normal,0.29111114,0.9999924490898998
3317,Normal,Normal,0.27956885,0.9999896481236714
3317,Normal,Normal,0.2677607,0.9999946515588418
3317,Normal,Normal,0.26048422,0.999994226545519
3317,Normal,Normal,0.3210771,0.9999908431404289
3317,Normal,Normal,0.26939794,0.9999963823736657
3317,Normal,Normal,0.29394028,0.9999952538978711
3317,Normal,Normal,0.28057656,0.9999905403828143
3317,Normal,Normal,0.2806863,0.9999918382296843
3317,Normal,Normal,0.27835137,0.9999946474114206
3317,Normal,Normal,0.41389665,0.9999906581894877
3317,Normal,Normal,0.4244552,0.9999775999044662
3317,Normal,Normal,0.48092777,0.9999679285242558
3317,Normal,Normal,0.3862782,0.9453252616350099
3317,Normal,Normal,0.32331786,0.9644577933953857
3317,Normal,Normal,0.34078842,0.9729221679254035
3317,Normal,Normal,0.42078647,0.9558825177163995
3317,Normal,Normal,0.46787256,0.9506617138634177
3317,Normal,Normal,0.5433558,0.965600052183713
3317,Normal,Normal,0.5222051,0.7131336716966783
3317,Normal,Normal,0.60298574,0.9999226272777191
3317,Normal,Normal,0.5836115,0.9999927695578593
3317,Normal,Normal,0.6066026,0.9999934342957667
3317,Normal,Normal,0.7040189,0.9999764997167512
3317,Normal,Normal,0.71335673,0.9999851655608586
3317,Normal,Normal,0.59436953,0.9999811667764811
3317,Normal,Normal,0.61212724,0.9999883981040681
3317,Normal,Normal,0.22104204,0.9999740662775242
3317,Normal,Normal,0.2727592,0.9999731350525659
3317,Normal,Normal,0.26143506,0.9999688199294915
3317,Normal,Normal,0.28585625,0.9999178289737929
3317,Normal,Normal,0.2747145,0.9999736949959973
3317,Normal,Normal,0.26323336,0.9999739652401688
3317,Normal,Normal,0.28636175,0.999984038807636
3317,Normal,Normal,0.3738406,0.9999483924746757
3318,TCP -15,TCP -15,0.43753448,0.9999993742804437
3318,TCP -15,TCP -15,0.3979954,0.99999941207506
3318,TCP -15,TCP -15,0.38891762,0.99999945590865
3318,TCP -15,TCP -15,0.45030734,0.9999994955500218
3318,TCP -15,TCP -15,0.43123814,0.9999995766416683
3318,TCP -15,TCP -15,0.41072902,0.9999993090832366
3318,TCP -15,TCP -15,0.54831266,0.9999994088283941
3318,TCP -15,TCP -15,0.40723822,0.9999991256092718
3318,TCP -15,TCP -15,0.42707375,0.999999254545966
3318,TCP -15,TCP -15,0.41240323,0.9999994269500638
3318,TCP -15,TCP -15,0.4605815,0.9999994165799344
3318,TCP -15,TCP -15,0.4447109,0.9999993814643922
3318,TCP -15,TCP -15,0.4310474,0.9999996469589983
3318,TCP -15,TCP -15,0.47232404,0.9999987365500527
3318,TCP -15,TCP -15,0.45026603,0.9999992529948636
3318,TCP -15,TCP -15,0.5657528,0.9999936877631836
3318,TCP -15,TCP -15,0.34476075,0.9999859310663373
3318,TCP -15,TCP -15,0.29079604,0.9999985802854304
3318,TCP -15,TCP -15,0.2535283,0.9999984883235168
3318,TCP -15,TCP -15,0.430728,0.9999965087728537
3318,TCP -15,TCP -15,0.3769751,0.9999986161181225
3318,TCP -15,TCP -15,0.48422202,0.9999956004128822
3318,TCP -15,TCP -15,0.47981933,0.999990733772534
3318,TCP -15,TCP -15,0.4839494,0.9999964424804996
3318,TCP -15,TCP -15,0.64086705,0.9999991319842854
3318,TCP -15,TCP -15,0.7647793,0.9999993483204644
3318,TCP -15,TCP -15,0.7855674,0.9999983565639293
3318,TCP -15,TCP -15,0.7953432,0.9999997198428904
3318,TCP -15,TCP -15,0.77187103,0.9999996230074348
3318,TCP -15,TCP -15,0.7441847,0.9999989245972313
3318,TCP -15,TCP -15,0.35558346,0.9999995027125249
3318,TCP -15,TCP -15,0.34956056,0.9999995039227095
3318,TCP -15,TCP -15,0.3624906,0.9999995490229503
3318,TCP -15,TCP -15,0.3725119,0.9999994247591276
3318,TCP -15,TCP -15,0.35476622,0.9999995145533579
3318,TCP -15,TCP -15,0.37171856,0.9999994686378003
3318,TCP -15,TCP -15,0.3478377,0.9999995526272177
3318,TCP -15,TCP -15,0.3906677,0.9999995355578762
3319,Cl2 -10,Normal,0.23659593,0.9999882654100384
3319,Cl2 -10,Normal,0.2818847,0.9999894184533745
3319,Cl2 -10,Normal,0.27798045,0.8772671249314139
3319,Cl2 -10,Normal,0.29100123,0.9998210112312419
3319,Cl2 -10,Normal,0.25944272,0.9677017364077021
3319,Cl2 -10,Normal,0.297702,0.9717056129831677
3319,Cl2 -10,Normal,0.29560697,0.9268523016240628
3319,Cl2 -10,Normal,0.25982404,0.9639553885265845
3319,Cl2 -10,Normal,0.27795064,0.9513421899553727
3319,Cl2 -10,Normal,0.36840925,0.9632762691455061
3319,Cl2 -10,Normal,0.2861183,0.8972612311047502
3319,Cl2 -10,Normal,0.27296916,0.9711276394591374
3319,Cl2 -10,Normal,0.29507932,0.9511258323038533
3319,Cl2 -10,Normal,0.26929554,0.739192101298808
3319,Cl2 -10,Normal,0.29742754,0.6596983306127261
3319,Cl2 -10,Pr +1,0.2409309,0.9017817634829062
3319,Cl2 -10,Pr +1,0.42165658,0.9470187590333459
3319,Cl2 -10,Normal,0.47851562,0.9652581333705172
3319,Cl2 -10,Normal,0.43737468,0.9712613456708672
3319,Cl2 -10,Normal,0.29430547,0.9240031364185448
3319,Cl2 -10,Normal,0.29425097,0.9532598038546396
3319,Cl2 -10,Normal,0.37807754,0.9196005307858103
3319,Cl2 -10,Cl2 +5,0.47572324,0.9923271583255913
3319,Cl2 -10,Cl2 +5,0.44093898,0.9998204259009729
3319,Cl2 -10,Normal,0.5643444,0.9999746064366423
3319,Cl2 -10,Normal,0.49412253,0.9999883687607585
3319,Cl2 -10,Normal,0.4927735,0.999989232695468
3319,Cl2 -10,Normal,0.48789436,0.9999819323123621
3319,Cl2 -10,Normal,0.55574113,0.9999853320232966
3319,Cl2 -10,Normal,0.5197,0.9999691418923159
3319,Cl2 -10,Normal,0.508268,0.9999838568771418
3319,Cl2 -10,Normal,0.51380765,0.9999882497634788
3319,Cl2 -10,Normal,0.4712389,0.9999812709013024
3319,Cl2 -10,Normal,0.27277407,0.9999402353622459
3319,Cl2 -10,Normal,0.25252742,0.9999409850711755
3319,Cl2 -10,Normal,0.28354552,0.999955857259678
3319,Cl2 -10,Normal,0.25789067,0.9999637902981579
3319,Cl2 -10,Normal,0.31270963,0.9999566214626683
3320,RF -12,Normal,0.3291878,0.9998899852967537
3320,RF -12,Normal,0.23653322,0.9999793720290765
3320,RF -12,Normal,0.24332199,0.9978202869465809
3320,RF -12,Normal,0.27165264,0.9999593542136664
3320,RF -12,Normal,0.24186157,0.9999813081393459
3320,RF -12,Normal,0.29617655,0.999990950869781
3320,RF -12,Normal,0.30049306,0.9999846994457982
3320,RF -12,Normal,0.30179733,0.9999664661067332
3320,RF -12,Normal,0.33621997,0.9999836258464505
3320,RF -12,Normal,0.31578794,0.999981422814559
3320,RF -12,Normal,0.2560155,0.9999935489057279
3320,RF -12,Normal,0.29816926,0.9999946836173494
3320,RF -12,Normal,0.24536382,0.999971295974805
3320,RF -12,Normal,0.35695642,0.9999931398564679
3320,RF -12,Normal,0.44039378,0.9999704250525567
3320,RF -12,Normal,0.42157465,0.9999815274838639
3320,RF -12,Normal,0.53922266,0.9834742767841652
3320,RF -12,Normal,0.34125286,0.9692110558142362
3320,RF -12,Normal,0.3156496,0.9687999821940528
3320,RF -12,Normal,0.38134024,0.9503568076947643
3320,RF -12,Normal,0.4598527,0.9657464255638575
3320,RF -12,Normal,0.5376023,0.9700535344414498
3320,RF -12,Normal,0.5974583,0.9678845466834302
3320,RF -12,Normal,0.488941,0.933566319816921
3320,RF -12,Normal,0.56181175,0.9999794622783428
3320,RF -12,Normal,0.6177706,0.9999892221002264
3320,RF -12,Normal,0.602066,0.9999886736907011
3320,RF -12,Normal,0.6230603,0.9999845448954797
3320,RF -12,Normal,0.6103967,0.9999858472044119
3320,RF -12,Normal,0.7162078,0.9999859288978139
3320,RF -12,Normal,0.5964762,0.9999889998780848
3320,RF -12,Normal,0.2890386,0.9999713457998369
3320,RF -12,Normal,0.27912375,0.9999756701258351
3320,RF -12,Normal,0.28763336,0.9999771129624359
3320,RF -12,Normal,0.28110397,0.9999759136186153
3320,RF -12,Normal,0.2718849,0.9999816728625924
3320,RF -12,Normal,0.2779586,0.9999768438985802
3320,RF -12,Normal,0.35428837,0.933048495331346
3321,Normal,UNKNOWN FAULT,1.2543062,0.9999530245448948
3321,Normal,Normal,0.7408878,0.9999811561946164
3321,Normal,Normal,0.7634553,0.999988375850964
3321,Normal,Normal,0.866281,0.9999939812805827
3321,Normal,UNKNOWN FAULT,0.99116117,0.999995631330916
3321,Normal,UNKNOWN FAULT,1.0660162,0.9999900876067414
3321,Normal,UNKNOWN FAULT,1.1510959,0.9999943221002593
3321,Normal,UNKNOWN FAULT,1.2017252,0.9999956202275285
3321,Normal,Normal,0.7920491,0.9999933498442166
3321,Normal,Normal,0.89492905,0.9999934849643236
3321,Normal,UNKNOWN FAULT,1.1796952,0.9999915006396878
3321,Normal,UNKNOWN FAULT,0.9287418,0.9999927646496692
3321,Normal,Normal,0.71697795,0.9999880481408308
3321,Normal,UNKNOWN FAULT,1.0047878,0.9999840452571545
3321,Normal,UNKNOWN FAULT,0.9946603,0.9999329583615311
3321,Normal,UNKNOWN FAULT,0.95074075,0.9999782464393256
3321,Normal,UNKNOWN FAULT,1.047901,0.9595476487100221
3321,Normal,UNKNOWN FAULT,1.2605873,0.9695225530660879
3321,Normal,UNKNOWN FAULT,0.99246,0.9651187422651416
3321,Normal,Normal,0.71991235,0.9626812080727876
3321,Normal,UNKNOWN FAULT,0.91968286,0.94445064418754
3321,Normal,UNKNOWN FAULT,1.1307317,0.9612051967893828
3321,Normal,Cl2 +5,0.9978217,0.997339834506295
3321,Normal,Cl2 +5,1.1682096,0.7167254451724517
3321,Normal,UNKNOWN FAULT,1.3023278,0.999980771733731
3321,Normal,UNKNOWN FAULT,1.0017276,0.9999884371592282
3321,Normal,UNKNOWN FAULT,1.2267406,0.9999859166570193
3321,Normal,UNKNOWN FAULT,1.3991922,0.9999886009056432
3321,Normal,UNKNOWN FAULT,1.0520996,0.9999848827403122
3321,Normal,UNKNOWN FAULT,0.9532566,0.9999547522980291
3321,Normal,Normal,0.2903944,0.9999537373408133
3321,Normal,Normal,0.29567102,0.9998745877155844
3321,Normal,Normal,0.31334743,0.9998475004088765
3321,Normal,Normal,0.2838077,0.9998617784542416
3321,Normal,Normal,0.30202723,0.9999736532926017
3321,Normal,Normal,0.5361109,0.9999997006920981
3321,Normal,Normal,0.30054286,0.9999781364207119
3321,Normal,Normal,0.33561447,0.9999475766148463
3322,Normal,Normal,0.32442635,0.9999899738085648
3322,Normal,Normal,0.32252064,0.9999920697332004
3322,Normal,Normal,0.32275873,0.9999208808910973
3322,Normal,Normal,0.2928409,0.999974577746975
3322,Normal,Normal,0.30512828,0.9999912703448485
3322,Normal,Normal,0.27190936,0.9999932150894181
3322,Normal,Normal,0.2760249,0.9999952174969976
3322,Normal,Normal,0.2913572,0.999988862677145
3322,Normal,Normal,0.28812262,0.9999883047097194
3322,Normal,Normal,0.33339116,0.9999963792289525
3322,Normal,Normal,0.2932244,0.9999941328061878
3322,Normal,Normal,0.25651795,0.9999908661731326
3322,Normal,Normal,0.34710714,0.9999917654834921
3322,Normal,Normal,0.3796182,0.9999568211921821
3322,Normal,Normal,0.37315795,0.9999586328489576
3322,Normal,Normal,0.5100552,0.9798439057143356
3322,Normal,Normal,0.8568014,0.999210546840169
3322,Normal,Normal,0.3252904,0.9604043573548492
3322,Normal,Normal,0.32239568,0.9683630653527215
3322,Normal,Normal,0.43533647,0.9720384534129616
3322,Normal,Normal,0.47683823,0.9696313514056946
3322,Normal,Normal,0.58470297,0.982860198656083
3322,Normal,Cl2 +5,0.5525657,0.997740740554784
3322,Normal,Normal,0.4853715,0.9999201642252975
3322,Normal,Normal,0.68730056,0.9999874178035751
3322,Normal,Normal,0.65512156,0.9999889497389305
3322,Normal,Normal,0.6489235,0.9999766492132588
3322,Normal,Normal,0.65699446,0.9999818543943683
3322,Normal,Normal,0.7667519,0.9999844847099656
3322,Normal,Normal,0.57261723,0.9999411215006732
3322,Normal,Normal,0.2980875,0.9999677094551574
3322,Normal,Normal,0.25945345,0.9999700266216357
3322,Normal,Normal,0.27091384,0.9998482305687562
3322,Normal,Normal,0.26554614,0.9999409603651519
3322,Normal,Normal,0.29423207,0.9999544232644891
3322,Normal,Normal,0.25723824,0.9999690355036961
3322,Normal,Normal,0.27264518,0.999972410657391
3322,Normal,Normal,0.38681886,0.9999793993593695
3323,Normal,Normal,0.40565607,0.9999480912956314
3323,Normal,Normal,0.53322047,0.9999996433178171
3323,Normal,Normal,0.28229547,0.9999799726577709
3323,Normal,Normal,0.321634,0.999990692246121
3323,Normal,Normal,0.29802942,0.9999952486484827
3323,Normal,Normal,0.27285984,0.9999932014942726
3323,Normal,Normal,0.30281743,0.9999957445761419
3323,Normal,Normal,0.30576012,0.9999958935448573
3323,Normal,Normal,0.29785758,0.9999943681789641
3323,Normal,Normal,0.29805848,0.9999923344762319
3323,Normal,Normal,0.28762704,0.999995398593782
3323,Normal,Normal,0.27702567,0.9999961670516739
3323,Normal,Normal,0.36137626,0.9999912781283703
3323,Normal,Normal,0.5877195,0.9999847708397106
3323,Normal,Normal,0.480012,0.9999476448975385
3323,Normal,Normal,0.51001924,0.9793606859103113
3323,Normal,Normal,0.4044825,0.9749404771761544
3323,Normal,Normal,0.3439947,0.964188263730193
3323,Normal,Normal,0.31924585,0.9637063110158195
3323,Normal,Normal,0.49936336,0.9576166751586153
3323,Normal,Normal,0.52312267,0.9723695544903646
3323,Normal,Normal,0.54961145,0.9639701111167567
3323,Normal,Cl2 +5,0.63847035,0.997683614361221
3323,Normal,Normal,0.5156186,0.5330654279879313
3323,Normal,Normal,0.6352049,0.9999903071151149
3323,Normal,Normal,0.71182364,0.9999897881400249
3323,Normal,Normal,0.6997186,0.9999842895550787
3323,Normal,Normal,0.6481182,0.9999877880921977
3323,Normal,Normal,0.6360409,0.99998674889346
3323,Normal,Normal,0.5499943,0.999862373244005
3323,Normal,Normal,0.25732136,0.9998506652186271
3323,Normal,Normal,0.257769,0.9999712596904421
3323,Normal,Normal,0.25170502,0.999964048313343
3323,Normal,Normal,0.2794412,0.9999696059504721
3323,Normal,Normal,0.27584103,0.9999676036925925
3323,Normal,Normal,0.26099807,0.9999757860500492
3323,Normal,Normal,0.26458624,0.9999949735215994
3323,Normal,Normal,0.29565346,0.9999856385254396
3324,Normal,Normal,0.29877004,0.9999700164492106
3324,Normal,Normal,0.29137042,0.999987707116514
3324,Normal,Normal,0.27131397,0.9996797230158139
3324,Normal,Normal,0.2996896,0.9999876493600897
3324,Normal,Normal,0.31832543,0.9999930434701664
3324,Normal,Normal,0.32174355,0.9999933449786093
3324,Normal,Normal,0.27800196,0.999990629203493
3324,Normal,Normal,0.29404265,0.9999926663814802
3324,Normal,Normal,0.32418042,0.9999939021787897
3324,Normal,Normal,0.3072994,0.9999890442707089
3324,Normal,Normal,0.36996,0.9999969332281391
3324,Normal,Normal,0.3253716,0.9999954043234857
3324,Normal,Normal,0.36265904,0.9999809572213108
3324,Normal,Normal,0.46922967,0.9999924372543301
3324,Normal,Normal,0.48171812,0.9999675090851524
3324,Normal,Normal,0.5069517,0.9999674470476023
3324,Normal,Normal,0.39942202,0.9702540474067406
3324,Normal,Normal,0.566217,0.9667372453394399
3324,Normal,Normal,0.481372,0.8938244446981783
3324,Normal,Normal,0.51601756,0.9367529824518468
3324,Normal,Normal,0.5251607,0.9743418484784321
3324,Normal,Normal,0.5638125,0.9474174288689531
3324,Normal,Normal,0.5898728,0.9571225049771863
3324,Normal,Normal,0.6342087,0.9999635954974508
3324,Normal,Normal,0.77633774,0.9999947107648012
3324,Normal,Normal,0.77838165,0.9999960489117422
3324,Normal,Normal,0.74692535,0.9999924047705399
3324,Normal,UNKNOWN FAULT,0.9060879,0.9999768867145943
3324,Normal,Normal,0.7853173,0.9999881473820006
3324,Normal,Normal,0.62094516,0.9999907642646173
3324,Normal,Normal,0.50947696,0.9999996712279107
3324,Normal,Normal,0.27392885,0.9999913248429412
3324,Normal,Normal,0.27761012,0.9999889331672968
3324,Normal,Normal,0.40202174,0.9999996203923343
3324,Normal,Normal,0.29762706,0.9999936278865172
3324,Normal,Normal,0.29552183,0.9999968989732574
3324,Normal,Normal,0.27277657,0.9999895189372333
3324,Normal,Normal,0.35195118,0.9999842623549037
3326,Normal,Normal,0.34895366,0.9981985699932544
3326,Normal,Normal,0.33444777,0.9998621413287673
3326,Normal,Normal,0.3199817,0.9997873862842241
3326,Normal,Normal,0.35546434,0.9999947887383014
3326,Normal,Normal,0.34042424,0.9999895537847411
3326,Normal,Normal,0.38282493,0.9999838742383582
3326,Normal,Normal,0.3280908,0.9999772120445224
3326,Normal,Normal,0.29271364,0.9999778552667448
3326,Normal,Normal,0.39741,0.9999849448744544
3326,Normal,Normal,0.35170624,0.9999220344097228
3326,Normal,Normal,0.33355755,0.9999905886982362
3326,Normal,Normal,0.3602453,0.9999925926190709
3326,Normal,Normal,0.490078,0.999971177434195
3326,Normal,Normal,0.48892713,0.9999863330405903
3326,Normal,Normal,0.48388195,0.9999814369418311
3326,Normal,Normal,0.54497963,0.9727902909781113
3326,Normal,Normal,0.58445144,0.9762254433161445
3326,Normal,Normal,0.36367893,0.9840410587399134
3326,Normal,Normal,0.52589667,0.9446438533211469
3326,Normal,Normal,0.54154193,0.9773512857599483
3326,Normal,Normal,0.57368946,0.9742891556865452
3326,Normal,Normal,0.62623686,0.972287344635001
3326,Normal,Normal,0.6468776,0.9672128184495195
3326,Normal,Normal,0.5627269,0.9999809465157253
3326,Normal,Normal,0.68342143,0.9999723931327582
3326,Normal,Normal,0.85972226,0.9999992836993462
3326,Normal,Normal,0.7141696,0.9999875344641118
3326,Normal,Normal,0.71711385,0.9999853200835455
3326,Normal,UNKNOWN FAULT,1.0810964,0.9999994899121589
3326,Normal,Normal,0.28988835,0.9999721520671658
3326,Normal,Normal,0.29040703,0.999970173828967
3326,Normal,Normal,0.30826214,0.9999719447874369
3326,Normal,Normal,0.3536323,0.9999996627575114
3326,Normal,Normal,0.29050133,0.9999609117100875
3326,Normal,Normal,0.28859043,0.9999709531315315
3326,Normal,Normal,0.2937919,0.9999866873289003
3326,Normal,Normal,0.27915245,0.9999881409404808
3326,Normal,Normal,0.35322753,0.9998916495391204
3327,Normal,Normal,0.34450293,0.9999459592071558
3327,Normal,Normal,0.3477168,0.9999913148691368
3327,Normal,Normal,0.3917167,0.9999888105845786
3327,Normal,Normal,0.28552184,0.9999947937818855
3327,Normal,Normal,0.42590034,0.9999924567740521
3327,Normal,Normal,0.28378057,0.9999927431068832
3327,Normal,Normal,0.33308583,0.9999896494271872
3327,Normal,Normal,0.31540224,0.9999919586800594
3327,Normal,Normal,0.2718368,0.9999928716628192
3327,Normal,Normal,0.35666037,0.9999747094565797
3327,Normal,Normal,0.3866454,0.9999958895379614
3327,Normal,Normal,0.30747277,0.9999963956662589
3327,Normal,Normal,0.37677744,0.9999689292797044
3327,Normal,Normal,0.47708115,0.9999922154406676
3327,Normal,Normal,0.40402916,0.9999605052784846
3327,Normal,Normal,0.50800824,0.9893830805327593
3327,Normal,Normal,0.4973453,0.9732471238468362
3327,Normal,Normal,0.3459324,0.953930296900327
3327,Normal,Normal,0.5454696,0.9675772225968005
3327,Normal,Normal,0.51487154,0.9746339562174252
3327,Normal,Normal,0.5937789,0.958178244412756
3327,Normal,Normal,0.6490712,0.9819187967786566
3327,Normal,Cl2 +5,0.6359224,0.9970276667225613
3327,Normal,Normal,0.52755064,0.9999730939256991
3327,Normal,Normal,0.5910886,0.9999890959119546
3327,Normal,Normal,0.69120264,0.9999944515617818
3327,Normal,Normal,0.7459491,0.9999954748929265
3327,Normal,Normal,0.7529722,0.9999888668895658
3327,Normal,Normal,0.7271998,0.9999910918840316
3327,Normal,Normal,0.2613654,0.9999889167402052
3327,Normal,Normal,0.27429944,0.9999880371227401
3327,Normal,Normal,0.2690463,0.9999814106340548
3327,Normal,Normal,0.25580582,0.9999519430757962
3327,Normal,Normal,0.28431323,0.9999880874369741
3327,Normal,Normal,0.27118793,0.9999943843784601
3327,Normal,Normal,0.26804674,0.9999938643634919
3327,Normal,Normal,0.26156825,0.9999897421743662
3327,Normal,Normal,0.37035978,0.9999715425770523
3328,Normal,Normal,0.350432,0.9999337679452884
3328,Normal,Normal,0.35075417,0.9999870596768657
3328,Normal,Normal,0.36457926,0.999987720559349
3328,Normal,Normal,0.34727004,0.9999704933284896
3328,Normal,Normal,0.28992692,0.9999917780479992
3328,Normal,Normal,0.29742765,0.9999890645989022
3328,Normal,Normal,0.3411522,0.9999954487109459
3328,Normal,Normal,0.33539554,0.9999915204718032
3328,Normal,Normal,0.29392105,0.9999962992806645
3328,Normal,Normal,0.29661685,0.9999929935971155
3328,Normal,Normal,0.34864765,0.9999947952196082
3328,Normal,Normal,0.25264132,0.9999881675745749
3328,Normal,Normal,0.38357475,0.9999586559138722
3328,Normal,Normal,0.5393075,0.9999589065076242
3328,Normal,Normal,0.41283745,0.9999686117558999
3328,Normal,Normal,0.41797853,0.9999658878728519
3328,Normal,Normal,0.36118644,0.9687335915538702
3328,Normal,Normal,0.33885798,0.9734161665267775
3328,Normal,Normal,0.4227956,0.9387003050404344
3328,Normal,Normal,0.5828797,0.9716789973481618
3328,Normal,Normal,0.52649343,0.973335261996526
3328,Normal,Normal,0.6084583,0.96549712011483
3328,Normal,Normal,0.5939856,0.9669643747195872
3328,Normal,Normal,0.6599907,0.9999446629483285
3328,Normal,Normal,0.7192485,0.9999854766036612
3328,Normal,Normal,0.7264541,0.9999897634144469
3328,Normal,Normal,0.7736073,0.9999852757014898
3328,Normal,Normal,0.73008436,0.9999911743664008
3328,Normal,Normal,0.73385227,0.9999868814192423
3328,Normal,Normal,0.5707895,0.9999802673867523
3328,Normal,Normal,0.2597674,0.9999579150809184
3328,Normal,Normal,0.26129434,0.9999662213857275
3328,Normal,Normal,0.2651201,0.9999545200998592
3328,Normal,Normal,0.27485564,0.9999847753259498
3328,Normal,Normal,0.2668168,0.99998586720948
3328,Normal,Normal,0.26277366,0.9997470994212503
3328,Normal,Normal,0.26356283,0.9999310720839452
3328,Normal,Normal,0.33275717,0.999735893928266
3329,Normal,Normal,0.31130704,0.9996663953988365
3329,Normal,Normal,0.27325624,0.9999322441019372
3329,Normal,Normal,0.3154474,0.9999281386498765
3329,Normal,Normal,0.4542051,0.9999749129784031
3329,Normal,Normal,0.33116534,0.9999760046004302
3329,Normal,Normal,0.3109863,0.9999889300267913
3329,Normal,Normal,0.34058067,0.9999953328248525
3329,Normal,Normal,0.28154552,0.9999842820020027
3329,Normal,Normal,0.31510988,0.9999957055646481
3329,Normal,Normal,0.29342046,0.9999970312323379
3329,Normal,Normal,0.29030997,0.9999941986164723
3329,Normal,Normal,0.27588978,0.9999870428108212
3329,Normal,Normal,0.5491107,0.9999996136664364
3329,Normal,Normal,0.532447,0.9998973102785738
3329,Normal,Normal,0.4447611,0.9999375780944121
3329,Normal,Normal,0.6570295,0.9724987070559663
3329,Normal,Normal,0.4333071,0.9199673460656222
3329,Normal,Normal,0.676125,0.9987558388539561
3329,Normal,Normal,0.55691576,0.9762234617170839
3329,Normal,Normal,0.5330556,0.9803050438144567
3329,Normal,Normal,0.62981576,0.9753493577809758
3329,Normal,Normal,0.63831747,0.9711322517493286
3329,Normal,Normal,0.6501576,0.9658502003836331
3329,Normal,Normal,0.5692409,0.9999770027832099
3329,Normal,Normal,0.66533697,0.9999518368221656
3329,Normal,Normal,0.71833706,0.999989529374955
3329,Normal,Normal,0.70615757,0.9999898820332564
3329,Normal,Normal,0.78623873,0.9999886563999817
3329,Normal,Normal,0.6304547,0.9999774594360129
3329,Normal,Normal,0.26404768,0.9999919618277338
3329,Normal,Normal,0.26603895,0.9999920303237727
3329,Normal,Normal,0.26821184,0.9999840997400647
3329,Normal,Normal,0.26712942,0.9999917081666504
3329,Normal,Normal,0.26929492,0.9999914630829813
3329,Normal,Normal,0.26743826,0.9999873173382914
3329,Normal,Normal,0.26503062,0.9999879897225631
3329,Normal,Normal,0.26362744,0.9999878553740288
3329,Normal,Normal,0.31069028,0.9999577319279611
3330,Normal,Normal,0.3651051,0.999909899314367
3330,Normal,Normal,0.33762205,0.9999887490712552
3330,Normal,Normal,0.4109171,0.9999924116770005
3330,Normal,Normal,0.38827872,0.9999821464147006
3330,Normal,Normal,0.3556735,0.9999968592292886
3330,Normal,Normal,0.303918,0.999992278766181
3330,Normal,Normal,0.29509532,0.9999916826910455
3330,Normal,Normal,0.33018607,0.9999825096048895
3330,Normal,Normal,0.30816594,0.9999891196279194
3330,Normal,Normal,0.33906835,0.9999914326270264
3330,Normal,Normal,0.3453121,0.9999946696915847
3330,Normal,Normal,0.3274189,0.9999755040971168
3330,Normal,Normal,0.36925307,0.9999716398766844
3330,Normal,Normal,0.3940795,0.9999810860090157
3330,Normal,Normal,0.3975326,0.9999694589772936
3330,Normal,Normal,0.51388824,0.9889475412422676
3330,Normal,Normal,0.4628144,0.9991761289806877
3330,Normal,Normal,0.2777705,0.9569894217431346
3330,Normal,Normal,0.5087337,0.966218895372048
3330,Normal,Normal,0.6224455,0.9853283317870041
3330,Normal,Normal,0.56079197,0.9761565917933671
3330,Normal,Normal,0.61510116,0.9737713021125104
3330,Normal,Normal,0.6212848,0.9583649543149049
3330,Normal,Normal,0.5637908,0.9999816108775622
3330,Normal,Normal,0.6110544,0.9999677394491476
3330,Normal,Normal,0.7602621,0.9999697158364023
3330,Normal,Normal,0.7501594,0.999993534759786
3330,Normal,Normal,0.73082584,0.9999941997040634
3330,Normal,Normal,0.7319439,0.9999497415872817
3330,Normal,Normal,0.2587862,0.9999859609251236
3330,Normal,Normal,0.31936443,0.999995538093335
3330,Normal,Normal,0.27443337,0.9999939352770685
3330,Normal,Normal,0.269931,0.9999938072017017
3330,Normal,Normal,0.26808295,0.9999950560124746
3330,Normal,Normal,0.27566904,0.9999943536108703
3330,Normal,Normal,0.27174696,0.9999946376398411
3330,Normal,Normal,0.2857641,0.9999881749018009
3330,Normal,Normal,0.37397256,0.9965381077212146
3331,Normal,Normal,0.4674799,0.9999852527162201
3331,Normal,Normal,0.31335613,0.9999904861416581
3331,Normal,UNKNOWN FAULT,1.8250282,0.9999908820971252
3331,Normal,Normal,0.29647028,0.9999949209904111
3331,Normal,Normal,0.30927217,0.9999868813924027
3331,Normal,Normal,0.3079607,0.9999953995707328
3331,Normal,Normal,0.35998994,0.9999948880903897
3331,Normal,Normal,0.31754857,0.9999952866683914
3331,Normal,Normal,0.28696677,0.9999914560280652
3331,Normal,Normal,0.2861855,0.9999960728157128
3331,Normal,Normal,0.31791064,0.9999967884612551
3331,Normal,Normal,0.27223006,0.9999932355427456
3331,Normal,Normal,0.31419393,0.9999617499368817
3331,Normal,Normal,0.38156497,0.999989645924898
3331,Normal,Normal,0.4692097,0.9999707564706557
3331,Normal,Normal,0.47973946,0.9999761542511784
3331,Normal,Normal,0.47935894,0.9684581170363886
3331,Normal,Normal,0.36763066,0.9836482520575863
3331,Normal,Normal,0.3916199,0.9335300261193146
3331,Normal,Normal,0.588352,0.9615353019021525
3331,Normal,Normal,0.56121814,0.9708000522688986
3331,Normal,Normal,0.592063,0.9667855923707785
3331,Normal,Normal,0.5480037,0.9712349211272552
3331,Normal,Normal,0.5894299,0.9999533010420559
3331,Normal,Normal,0.68866843,0.9999886385726829
3331,Normal,Normal,0.7286308,0.9999914319213334
3331,Normal,Normal,0.77832097,0.9999895143919033
3331,Normal,Normal,0.734605,0.9999888248113257
3331,Normal,Normal,0.84894806,0.9999960666625263
3331,Normal,Normal,0.6326495,0.9999918836596264
3331,Normal,Normal,0.27309525,0.9999888858603775
3331,Normal,Normal,0.2876872,0.9999809570711137
3331,Normal,Normal,0.26531187,0.9999953465066107
3331,Normal,Normal,0.2731906,0.9999913274390183
3331,Normal,Normal,0.27065775,0.9999849777755299
3331,Normal,Normal,0.2606716,0.9999943250336386
3331,Normal,Normal,0.27007553,0.9999901221805657
3331,Normal,Normal,0.32067624,0.9999651985527038
3332,Normal,Normal,0.36405382,0.9999925279732869
3332,Normal,Normal,0.32123968,0.9999913879030553
3332,Normal,Normal,0.2836754,0.9999732523540792
3332,Normal,Normal,0.30719793,0.9999910622960041
3332,Normal,Normal,0.29556128,0.999992970242509
3332,Normal,Normal,0.3454253,0.9999958721222764
3332,Normal,Normal,0.30079013,0.9999920617679359
3332,Normal,Normal,0.34668007,0.9999943203853581
3332,Normal,Normal,0.35423157,0.9999949212789021
3332,Normal,Normal,0.33886924,0.9999854598398796
3332,Normal,Normal,0.31052086,0.9999929821824911
3332,Normal,Normal,0.33018532,0.9999949594117643
3332,Normal,Normal,0.38748887,0.9999813940386335
3332,Normal,Normal,0.50246906,0.9999919194975568
3332,Normal,Normal,0.43925798,0.9999707045644703
3332,Normal,Normal,0.59011734,0.9227234408320936
3332,Normal,Normal,0.4018756,0.9522704908313764
3332,Normal,Normal,0.2818246,0.9731670317750712
3332,Normal,Normal,0.4421855,0.7222469901487478
3332,Normal,Normal,0.50456333,0.9748626264491143
3332,Normal,Normal,0.5184431,0.9724683277480812
3332,Normal,Normal,0.56674594,0.9745713091624129
3332,Normal,Normal,0.6027396,0.959355111485466
3332,Normal,Normal,0.5898085,0.9999689805527804
3332,Normal,Normal,0.60677487,0.9999545321586901
3332,Normal,Normal,0.7690605,0.9999929372589101
3332,Normal,Normal,0.75749993,0.9999952617755343
3332,Normal,Normal,0.719886,0.9999932610896842
3332,Normal,Normal,0.7066404,0.9999935419113962
3332,Normal,Normal,0.26600453,0.999993982698403
3332,Normal,Normal,0.2875901,0.999996597730132
3332,Normal,Normal,0.27244514,0.9999935512979736
3332,Normal,Normal,0.25690344,0.9999941660034588
3332,Normal,Normal,0.2652523,0.9999961178517135
3332,Normal,Normal,0.26817858,0.999995060678685
3332,Normal,Normal,0.26493928,0.9999894693283717
3332,Normal,Normal,0.27069724,0.9999872915494894
3332,Normal,Normal,0.33417237,0.9999818371050262
3333,Normal,Normal,0.34959894,0.9999784658431483
3333,Normal,Normal,0.26272696,0.9999775247014497
3333,Normal,Normal,0.30995232,0.9999746764976275
3333,Normal,Normal,0.33658546,0.9999971090720905
3333,Normal,Normal,0.30056986,0.9999921574480477
3333,Normal,Normal,0.388813,0.9999921463965333
3333,Normal,Normal,0.3242971,0.9999967232653953
3333,Normal,Normal,0.3042081,0.9999967780099028
3333,Normal,Normal,0.34395957,0.9999903403107675
3333,Normal,Normal,0.30384582,0.999991504275609
3333,Normal,Normal,0.32851973,0.9999928011539106
3333,Normal,Normal,0.27966213,0.9999952264598747
3333,Normal,Normal,0.3810355,0.999990195637543
3333,Normal,Normal,0.36887378,0.9999885537893121
3333,Normal,Normal,0.49502006,0.9999728070090529
3333,Normal,Normal,0.45916608,0.9688774403064893
3333,Normal,Normal,0.37767524,0.9806221223909576
3333,Normal,Normal,0.2958521,0.9674880787120965
3333,Normal,Normal,0.4200235,0.9629129844722562
3333,Normal,Normal,0.5283962,0.972372311447715
3333,Normal,Normal,0.50612605,0.972468965739566
3333,Normal,Normal,0.58580667,0.9487671635155376
3333,Normal,Normal,0.5457054,0.99997551495625
3333,Normal,Normal,0.6063954,0.9999798312181147
3333,Normal,Normal,0.6980913,0.9999950128813777
3333,Normal,Normal,0.713781,0.9999955248827482
3333,Normal,Normal,0.7709263,0.9999954302796532
3333,Normal,Normal,0.6836233,0.9999946601925128
3333,Normal,Normal,0.7205694,0.9999943531308074
3333,Normal,Normal,0.5821809,0.9999927819281076
3333,Normal,Normal,0.27619436,0.9999937333765789
3333,Normal,Normal,0.2847355,0.9999950859564487
3333,Normal,Normal,0.31460834,0.9999958347027812
3333,Normal,Normal,0.26766148,0.9999924407153349
3333,Normal,Normal,0.2636192,0.9999926007983572
3333,Normal,Normal,0.26106125,0.9999928427231966
3333,Normal,Normal,0.3383761,0.9999995382861893
3333,Normal,Normal,0.3371963,0.9999806497516621
3334,Normal,Normal,0.32866997,0.9999548140943916
3334,Normal,Normal,0.27009234,0.999991016681332
3334,Normal,Normal,0.29201013,0.999973457171258
3334,Normal,Normal,0.31402954,0.9999944795920482
3334,Normal,Normal,0.27048934,0.9999892830059278
3334,Normal,Normal,0.28615463,0.999995209512006
3334,Normal,Normal,0.26997894,0.9999922206145001
3334,Normal,Normal,0.30322996,0.999994921840142
3334,Normal,Normal,0.31111783,0.9999933946516417
3334,Normal,Normal,0.29954696,0.999991832229325
3334,Normal,Normal,0.31152037,0.9999934358658927
3334,Normal,Normal,0.28970113,0.9999910080899702
3334,Normal,Normal,0.37436402,0.999953969269634
3334,Normal,Normal,0.4334054,0.9999719535600499
3334,Normal,Normal,0.4696686,0.9999795326380264
3334,Normal,Normal,0.4754338,0.9999673508197062
3334,Normal,Normal,0.49809483,0.9684105832685465
3334,Normal,Normal,0.42965072,0.9622763691939703
3334,Normal,Normal,0.35720986,0.9118325708865718
3334,Normal,Normal,0.5415334,0.9736873233293343
3334,Normal,Normal,0.49706596,0.9726882182942483
3334,Normal,Normal,0.6168642,0.9867002720743836
3334,Normal,Normal,0.5568119,0.965163964819984
3334,Normal,Normal,0.5791309,0.9999395694462628
3334,Normal,Normal,0.62374365,0.9999943440499821
3334,Normal,Normal,0.7873869,0.9999961321490448
3334,Normal,Normal,0.75471705,0.9999971959824382
3334,Normal,Normal,0.7181095,0.9999941119526944
3334,Normal,Normal,0.7143952,0.9999954769203472
3334,Normal,Normal,0.50067234,0.9999917705594781
3334,Normal,Normal,0.2995848,0.9999936085923277
3334,Normal,Normal,0.272635,0.9999948522087803
3334,Normal,Normal,0.2657008,0.9999929418196493
3334,Normal,Normal,0.263065,0.9999927519743271
3334,Normal,Normal,0.26984474,0.9999958543577201
3334,Normal,Normal,0.27019954,0.9999935562528419
3334,Normal,Normal,0.26581472,0.9999943680281003
3334,Normal,Normal,0.32768905,0.99997730864839
3335,Normal,Normal,0.3190306,0.9999913155366271
3335,Normal,Normal,0.31998646,0.9999895051639807
3335,Normal,Normal,0.30622408,0.9999623139864394
3335,Normal,Normal,0.33255512,0.9999930787597171
3335,Normal,Normal,0.39000058,0.9999962210064346
3335,Normal,Normal,0.2950183,0.9999939123435303
3335,Normal,Normal,0.2973496,0.9999946190570038
3335,Normal,Normal,0.30927816,0.9999952915532733
3335,Normal,Normal,0.3445124,0.9999955642734856
3335,Normal,Normal,0.3046604,0.9999943293596453
3335,Normal,Normal,0.30128983,0.9999893230755528
3335,Normal,Normal,0.26198903,0.9999944046135392
3335,Normal,Normal,0.35236466,0.9991229269623084
3335,Normal,Normal,0.52135396,0.9999387657094607
3335,Normal,Normal,0.40484902,0.9995435735475326
3335,Normal,Normal,0.510523,0.9999813652059026
3335,Normal,Normal,0.49402028,0.974093010006626
3335,Normal,Normal,0.42335612,0.9986430895642113
3335,Normal,Normal,0.44581303,0.9620698349700881
3335,Normal,Normal,0.53652364,0.9681725672861689
3335,Normal,Normal,0.5582296,0.956439247880467
3335,Normal,Normal,0.68302834,0.9666346265530162
3335,Normal,Normal,0.64349055,0.9999544266326804
3335,Normal,Normal,0.6996272,0.9999665012521972
3335,Normal,Normal,0.79508215,0.9999938041523798
3335,Normal,Normal,0.7118719,0.999995762515286
3335,Normal,Normal,0.74281085,0.9999938812932149
3335,Normal,Normal,0.7877678,0.9999941246313702
3335,Normal,Normal,0.6974073,0.9999941862774432
3335,Normal,Normal,0.631322,0.9999942568571976
3335,Normal,Normal,0.29338893,0.9999957375206643
3335,Normal,Normal,0.2699725,0.9999941737211402
3335,Normal,Normal,0.27174088,0.9999918563805864
3335,Normal,Normal,0.26358545,0.999993992315017
3335,Normal,Normal,0.30532217,0.9999966641836434
3335,Normal,Normal,0.2624725,0.9999933776948887
3335,Normal,Normal,0.28532374,0.9999961480709163
3335,Normal,Normal,0.34362426,0.9999645068608907
3336,Normal,Normal,0.29406008,0.9999523534214172
3336,Normal,Normal,0.25241998,0.9999866634666918
3336,Normal,Normal,0.6150052,0.9999883649482525
3336,Normal,Normal,0.29256675,0.9999937259281354
3336,Normal,Normal,0.3400849,0.9999909832776875
3336,Normal,Normal,0.30793923,0.9999965521618581
3336,Normal,Normal,0.30804348,0.9999954648195624
3336,Normal,Normal,0.32643992,0.9999951349736869
3336,Normal,Normal,0.2925971,0.9999937368588857
3336,Normal,Normal,0.30411437,0.9999913262584676
3336,Normal,Normal,0.28709167,0.9999857823687147
3336,Normal,Normal,0.28036204,0.999985111403302
3336,Normal,Normal,0.36219388,0.9999725366718406
3336,Normal,Normal,0.49650094,0.9999706205013797
3336,Normal,Normal,0.4496527,0.9999550866920897
3336,Normal,Normal,0.6247029,0.999335935764354
3336,Normal,Normal,0.3129478,0.9993922102013897
3336,Normal,Normal,0.35752815,0.9665504573896261
3336,Normal,Normal,0.45272002,0.8388530685149566
3336,Normal,Normal,0.5445979,0.9720672098032174
3336,Normal,Normal,0.5203025,0.9641826664222242
3336,Normal,Normal,0.5243932,0.9857044838930957
3336,Normal,Normal,0.60928315,0.9732831770817386
3336,Normal,Normal,0.5516601,0.9999683148450238
3336,Normal,Normal,0.65711254,0.9999810837487497
3336,Normal,Normal,0.7060869,0.9999963345705343
3336,Normal,Normal,0.70907944,0.9999937075679501
3336,Normal,Normal,0.80238193,0.999999726473225
3336,Normal,Normal,0.7239277,0.9999937999217472
3336,Normal,Normal,0.26820856,0.9999909844974469
3336,Normal,Normal,0.27083257,0.9999914826160403
3336,Normal,Normal,0.2819565,0.9999867728067473
3336,Normal,Normal,0.2773233,0.9999922524499733
3336,Normal,Normal,0.284171,0.9999927567092237
3336,Normal,Normal,0.2682557,0.9999946168994618
3336,Normal,Normal,0.29805535,0.9999910431124056
3336,Normal,Normal,0.27676126,0.9999923167904625
3336,Normal,Normal,0.3299711,0.9999801668632791
3337,Normal,Normal,0.36117786,0.9999737691479209
3337,Normal,Normal,0.32271814,0.9999927312259924
3337,Normal,Normal,0.39291808,0.9999910262672168
3337,Normal,Normal,0.28156757,0.9999859292728467
3337,Normal,Normal,0.25777578,0.999992674203634
3337,Normal,Normal,0.3387472,0.9999950372712069
3337,Normal,Normal,0.31014928,0.9999911165508529
3337,Normal,Normal,0.3616345,0.9999959558122772
3337,Normal,Normal,0.32485867,0.9999959634135065
3337,Normal,Normal,0.3129022,0.9999969764160866
3337,Normal,Normal,0.26846677,0.9999959948081798
3337,Normal,Normal,0.30828893,0.9999950205463202
3337,Normal,Normal,0.37134916,0.9999965759702684
3337,Normal,Normal,0.53373694,0.9999929941046681
3337,Normal,Normal,0.46734768,0.9999580522049156
3337,Normal,Normal,0.5794967,0.9614431454897634
3337,Normal,Normal,0.4670319,0.9706497868027368
3337,Normal,Normal,0.30967736,0.9694521082218924
3337,Normal,Normal,0.3718559,0.959510026195694
3337,Normal,Normal,0.48697957,0.9726882848264841
3337,Normal,Normal,0.5323933,0.952456856399878
3337,Normal,Normal,0.59321123,0.9631261000054093
3337,Normal,Normal,0.5913295,0.8505104018676126
3337,Normal,Normal,0.5838367,0.9999665915806112
3337,Normal,Normal,0.68319815,0.9999948975560394
3337,Normal,Normal,0.75375193,0.9999949298756452
3337,Normal,Normal,0.70887566,0.9999942275669909
3337,Normal,Normal,0.7034093,0.9999944069149616
3337,Normal,Normal,0.6877658,0.9999953177990073
3337,Normal,Normal,0.56142473,0.9999953422788836
3337,Normal,Normal,0.26422507,0.9999937457918042
3337,Normal,Normal,0.27451473,0.9999936607604848
3337,Normal,Normal,0.2726646,0.9999936796823432
3337,Normal,Normal,0.26057318,0.9999932486572977
3337,Normal,Normal,0.25938895,0.9999996972333351
3337,Normal,Normal,0.2680693,0.9999944441791284
3337,Normal,Normal,0.27121985,0.9999966886925329
3337,Normal,Normal,0.31129554,0.999956728737515
3338,Normal,Normal,0.32285765,0.9999848452811599
3338,Normal,Normal,0.3390473,0.9999920004477906
3338,Normal,Normal,0.27339095,0.9999745526984686
3338,Normal,Normal,0.28238475,0.9999952895111482
3338,Normal,Normal,0.27580953,0.9999949994758359
3338,Normal,Normal,0.27321777,0.9999894255945863
3338,Normal,Normal,0.26553538,0.9999947725426185
3338,Normal,Normal,0.30834213,0.999995799695539
3338,Normal,Normal,0.29614145,0.9999941521512239
3338,Normal,Normal,0.38431367,0.999995942089498
3338,Normal,Normal,0.292715,0.9999922139131755
3338,Normal,Normal,0.23708045,0.999996887578292
3338,Normal,Normal,0.3386012,0.9999959422277426
3338,Normal,Normal,0.55870914,0.9999890948257498
3338,Normal,Normal,0.44202757,0.9953255322992517
3338,Normal,Normal,0.7054002,0.9999581949310812
3338,Normal,Normal,0.49350935,0.9571392232893555
3338,Normal,Normal,0.34995252,0.8686098083906
3338,Normal,Normal,0.43724942,0.6315825812041899
3338,Normal,Normal,0.50450045,0.9377064521562908
3338,Normal,Normal,0.51707596,0.9580414468315528
3338,Normal,Normal,0.6613259,0.9611631409318122
3338,Normal,Normal,0.56335986,0.9999119097990038
3338,Normal,Normal,0.62651557,0.9999815876478967
3338,Normal,Normal,0.6639717,0.9999951502234984
3338,Normal,Normal,0.6991016,0.9999949176541812
3338,Normal,Normal,0.6528533,0.9999930496364032
3338,Normal,Normal,0.7031626,0.9999933844728737
3338,Normal,Normal,0.6750408,0.9999930566194103
3338,Normal,Normal,0.56251276,0.9999940716662937
3338,Normal,Normal,0.27660337,0.999993258179373
3338,Normal,Normal,0.27969185,0.9999933618769516
3338,Normal,Normal,0.26679787,0.9999942365881748
3338,Normal,Normal,0.26631042,0.9999945389736972
3338,Normal,Normal,0.2629459,0.9999965229663946
3338,Normal,Normal,0.25294033,0.9999939858583681
3338,Normal,Normal,0.260701,0.9999947439028235
3338,Normal,Normal,0.31007767,0.9999844398758748
3339,BCl3 +10,Normal,0.32693022,0.9998454136931395
3339,BCl3 +10,Normal,0.2914828,0.9999754739674998
3339,BCl3 +10,Normal,0.2903198,0.9999043800703225
3339,BCl3 +10,Normal,0.2810787,0.9999959975864046
3339,BCl3 +10,Normal,0.2766703,0.9999949954537607
3339,BCl3 +10,Normal,0.2738639,0.9999944142345841
3339,BCl3 +10,Normal,0.32617587,0.9999954509437728
3339,BCl3 +10,Normal,0.30494112,0.9999850334483475
3339,BCl3 +10,Normal,0.34166464,0.9999964868999909
3339,BCl3 +10,Normal,0.32175308,0.9999968176902162
3339,BCl3 +10,Normal,0.30068323,0.9999918353764491
3339,BCl3 +10,Normal,0.28901795,0.9999859192318074
3339,BCl3 +10,Normal,0.31113178,0.9999968984092196
3339,BCl3 +10,Normal,0.34088677,0.9999969900091241
3339,BCl3 +10,Normal,0.31400356,0.9999740536231705
3339,BCl3 +10,Normal,0.3835248,0.9999878311650402
3339,BCl3 +10,Normal,0.89329994,0.9970624572023257
3339,BCl3 +10,Normal,0.31224728,0.862786392086196
3339,BCl3 +10,Normal,0.77433896,0.9187808105945885
3339,BCl3 +10,Normal,0.43103102,0.932631372978772
3339,BCl3 +10,Normal,0.38250837,0.9410945709763288
3339,BCl3 +10,Normal,0.41372806,0.9268232885975445
3339,BCl3 +10,Normal,0.4103312,0.9975808237872813
3339,BCl3 +10,Normal,0.45114318,0.9984585328241413
3339,BCl3 +10,Normal,0.47042066,0.9995036085264489
3339,BCl3 +10,Normal,0.7234761,0.9997454126096337
3339,BCl3 +10,Normal,0.5518129,0.9997204202339399
3339,BCl3 +10,Normal,0.5486426,0.999664059270032
3339,BCl3 +10,Normal,0.55012745,0.9997084868100039
3339,BCl3 +10,Normal,0.55276823,0.9994501195297982
3339,BCl3 +10,Normal,0.5053844,0.9997884317598232
3339,BCl3 +10,Normal,0.27093732,0.9992591683973285
3339,BCl3 +10,Normal,0.26768428,0.9992846626819447
3339,BCl3 +10,Normal,0.26932433,0.9993201678906332
3339,BCl3 +10,Normal,0.2829515,0.9997745585863991
3339,BCl3 +10,Normal,0.27236268,0.9994326155533768
3339,BCl3 +10,Normal,0.26345733,0.9996688925451841
3339,BCl3 +10,Normal,0.30129045,0.9999464744697523
3340,Pr +1,Pr +1,0.31206855,0.9999979614452464
3340,Pr +1,Pr +1,0.34762496,0.9999993673563915
3340,Pr +1,Pr +1,0.35281903,0.9999989477610435
3340,Pr +1,Pr +1,0.36165124,0.9999997153701508
3340,Pr +1,Pr +1,0.38006118,0.9999992821604448
3340,Pr +1,Pr +1,0.32458705,0.9999985167160464
3340,Pr +1,Pr +1,0.37808165,0.9999985546956692
3340,Pr +1,Pr +1,0.65888965,0.9999992555991969
3340,Pr +1,Pr +1,0.3197905,0.9999994746772904
3340,Pr +1,Pr +1,0.3624284,0.9999994819580148
3340,Pr +1,Pr +1,0.32538927,0.9999993706707045
3340,Pr +1,Pr +1,0.3021372,0.9999997354507895
3340,Pr +1,Pr +1,0.42647287,0.9999996754599269
3340,Pr +1,Pr +1,0.4680935,0.999999162775453
3340,Pr +1,Pr +1,0.4416307,0.9999982294280315
3340,Pr +1,Pr +1,0.43817014,0.9999988801045864
3340,Pr +1,Pr +1,0.2577808,0.999999407072507
3340,Pr +1,Pr +1,0.26491633,0.9999995370874786
3340,Pr +1,Pr +1,0.4230245,0.9999983431119462
3340,Pr +1,Pr +1,0.4942947,0.9999998180180543
3340,Pr +1,Pr +1,0.49752602,0.9999997411128445
3340,Pr +1,Pr +1,0.5264325,0.9999992283400115
3340,Pr +1,Pr +1,0.53219837,0.9999995829058305
3340,Pr +1,Pr +1,0.5759617,0.9999983358482448
3340,Pr +1,Pr +1,0.64820355,0.9999974356012146
3340,Pr +1,Pr +1,1.2888976,0.9999991022482683
3340,Pr +1,Pr +1,0.7004559,0.9999993925392363
3340,Pr +1,Pr +1,0.70694846,0.9999995096042229
3340,Pr +1,Pr +1,0.6789704,0.9999994049136767
3340,Pr +1,Pr +1,0.30217925,0.9999995405478946
3340,Pr +1,Pr +1,0.30982706,0.9999990819608774
3340,Pr +1,Pr +1,0.31375322,0.9999993610502075
3340,Pr +1,Pr +1,0.3166556,0.9999994170930682
3340,Pr +1,Pr +1,0.3081742,0.9999994881430396
3340,Pr +1,Pr +1,0.3097247,0.9999994681234303
3340,Pr +1,Pr +1,0.3023444,0.9999995239015649
3340,Pr +1,Pr +1,0.3149561,0.9999985097543418
3340,Pr +1,Pr +1,0.35415164,0.9999987297971227
3341,TCP +20,TCP +20,0.33949608,0.9999992496435058
3341,TCP +20,TCP +20,0.28602937,0.9999996713733014
3341,TCP +20,TCP +20,0.30688986,0.9999996848030853
3341,TCP +20,TCP +20,0.32204416,0.9999996709073101
3341,TCP +20,TCP +20,0.25492063,0.9999995615832004
3341,TCP +20,TCP +20,0.26298222,0.9999996643297048
3341,TCP +20,TCP +20,0.2579018,0.9999997005329759
3341,TCP +20,TCP +20,0.3285876,0.9999996865443327
3341,TCP +20,TCP +20,0.30200356,0.9999996438174509
3341,TCP +20,TCP +20,0.27451104,0.9999996196238482
3341,TCP +20,TCP +20,0.2655618,0.9999996555796602
3341,TCP +20,TCP +20,0.2995969,0.9999995346573474
3341,TCP +20,TCP +20,0.46246195,0.9999995534561208
3341,TCP +20,TCP +20,0.45586818,0.9999994992188704
3341,TCP +20,TCP +20,0.6083003,0.9999996425347223
3341,TCP +20,TCP +20,0.7208554,0.9999996504366123
3341,TCP +20,TCP +20,0.56806165,0.9999995088246078
3341,TCP +20,TCP +20,0.6498428,0.9999995075349133
3341,TCP +20,TCP +20,0.6863355,0.9999995029769478
3341,TCP +20,TCP +20,0.7452481,0.9999993995875384
3341,TCP +20,TCP +20,0.881984,0.9999992553641079
3341,TCP +20,TCP +20,0.8571488,0.9999989487896687
3341,TCP +20,TCP +20,0.887739,0.9999992740473987
3341,TCP +20,TCP +20,0.85034084,0.9999991269176753
3341,TCP +20,TCP +20,0.7319005,0.9999995908533879
3341,TCP +20,TCP +20,0.77288204,0.9999997539124538
3341,TCP +20,TCP +20,0.9381476,0.9999996955937275
3341,TCP +20,TCP +20,0.76029915,0.9999994946886643
3341,TCP +20,TCP +20,0.8647876,0.9999997184437348
3341,TCP +20,TCP +20,0.70015186,0.9999996717459932
3341,TCP +20,TCP +20,0.34903553,0.9999995709855745
3341,TCP +20,TCP +20,0.33197984,0.9999995902787693
3341,TCP +20,TCP +20,0.3525086,0.999999544378326
3341,TCP +20,TCP +20,0.34041166,0.9999995987978811
3341,TCP +20,TCP +20,0.65577507,0.9999992247644237
3341,TCP +20,TCP +20,0.32649285,0.9999996233735933
3341,TCP +20,TCP +20,0.32708532,0.9999996324828194
3341,TCP +20,TCP +20,0.36725235,0.9999995825284236
3342,Normal,Normal,0.37684456,0.9999869289283103
3342,Normal,Normal,0.30843335,0.9999948592049867
3342,Normal,Normal,0.2973562,0.9999852632686523
3342,Normal,Normal,0.30587834,0.9999959892138042
3342,Normal,Normal,0.3468426,0.9999930043140108
3342,Normal,Normal,0.3041978,0.9999960850735597
3342,Normal,Normal,0.31700543,0.9999934065816729
3342,Normal,Normal,0.3057643,0.9999940265348938
3342,Normal,Normal,0.3372438,0.9999938540118068
3342,Normal,Normal,0.39786354,0.9999950691155476
3342,Normal,Normal,0.33315986,0.9999943655399386
3342,Normal,Normal,0.29362985,0.999989707023783
3342,Normal,Normal,0.43278706,0.9999862015121072
3342,Normal,Normal,0.5114231,0.999978984276784
3342,Normal,Normal,0.5296857,0.9999637944505196
3342,Normal,Normal,0.63003826,0.9872865838630227
3342,Normal,Normal,0.3795065,0.9371792531171192
3342,Normal,Normal,0.38372946,0.9726736288930821
3342,Normal,Normal,0.5386341,0.9597942875122892
3342,Normal,Normal,0.5919237,0.9727712707716979
3342,Normal,Normal,0.5149989,0.9793874343501885
3342,Normal,Normal,0.66902924,0.9268306237685316
3342,Normal,Normal,0.6149497,0.959984626663444
3342,Normal,Normal,0.573222,0.9998662384439195
3342,Normal,Normal,0.67122185,0.999989527711174
3342,Normal,Normal,0.7919946,0.9999605398731664
3342,Normal,Normal,0.7733767,0.9999898905572367
3342,Normal,Normal,0.79291564,0.9999933084748864
3342,Normal,Normal,0.6571208,0.9999910815961242
3342,Normal,Normal,0.29664308,0.999992026609802
3342,Normal,Normal,0.3213825,0.9999886176500986
3342,Normal,Normal,0.31483823,0.9999923348786806
3342,Normal,Normal,0.29309064,0.9999930724303646
3342,Normal,Normal,0.2933335,0.9999924803922126
3342,Normal,Normal,0.2989324,0.9999850909541025
3342,Normal,Normal,0.28902468,0.9999882109807787
3342,Normal,Normal,0.30341467,0.9999881778674042
3342,Normal,Normal,0.36422953,0.9998552252529885
3343,Normal,Normal,0.34707138,0.9999565476340734
3343,Normal,Normal,0.28750065,0.9999910971888163
3343,Normal,Normal,0.37217054,0.999844357769377
3343,Normal,Normal,0.31437406,0.9999953968307613
3343,Normal,Normal,0.2948327,0.9999933204140099
3343,Normal,Normal,0.30035964,0.9999892770778058
3343,Normal,Normal,0.28839374,0.9999929162440494
3343,Normal,Normal,0.30917546,0.9999896631550631
3343,Normal,Normal,0.3076453,0.9999935214229609
3343,Normal,Normal,0.27627596,0.9999967757842804
3343,Normal,Normal,0.31856096,0.9999902225424059
3343,Normal,Normal,0.29368204,0.9999911637607164
3343,Normal,Normal,0.31677133,0.9999727689390885
3343,Normal,Normal,0.3369314,0.9999486472574609
3343,Normal,Normal,0.527112,0.999911667749211
3343,Normal,Normal,0.43640316,0.9999855961230775
3343,Normal,Normal,0.43765822,0.9352304726911825
3343,Normal,Normal,0.27228096,0.9444022002700188
3343,Normal,Normal,0.47704148,0.8438451862903399
3343,Normal,Normal,0.54554474,0.9522342420583916
3343,Normal,Normal,0.59617454,0.9645563485992954
3343,Normal,Normal,0.62715924,0.9592039150758264
3343,Normal,Normal,0.6252204,0.6975484894986437
3343,Normal,Normal,0.5429935,0.9998540680693506
3343,Normal,Normal,0.68167233,0.9999937978184789
3343,Normal,Normal,0.73606926,0.9999953139033669
3343,Normal,Normal,0.76203436,0.9999849470463501
3343,Normal,Normal,0.743686,0.9999913539494187
3343,Normal,Normal,0.77546155,0.9999916660760979
3343,Normal,Normal,0.54466856,0.9999861124790477
3343,Normal,Normal,0.26962072,0.9999926361547111
3343,Normal,Normal,0.26874745,0.9999926383564843
3343,Normal,Normal,0.26840055,0.9999930423248379
3343,Normal,Normal,0.2682658,0.999993998205004
3343,Normal,Normal,0.28963456,0.9999934863889228
3343,Normal,Normal,0.2717677,0.999992343101859
3343,Normal,Normal,0.26515305,0.9999913239860597
3343,Normal,Normal,0.26956782,0.9999934058571018
